# Smoke Test Failure — attempt 3 — 2026-08-23T16:41:13.109237677
Failed gate: boot

== Gate report ==
FAIL boot — app not healthy within 120s — last: ConnectException

== Container logs (tail 2000 lines) ==
db-1  | The files belonging to this database system will be owned by user "postgres".
db-1  | This user must also own the server process.
db-1  | 
db-1  | The database cluster will be initialized with locale "en_US.utf8".
db-1  | The default database encoding has accordingly been set to "UTF8".
db-1  | The default text search configuration will be set to "english".
db-1  | 
db-1  | Data page checksums are disabled.
db-1  | 
db-1  | fixing permissions on existing directory /var/lib/postgresql/data ... ok
db-1  | creating subdirectories ... ok
db-1  | selecting dynamic shared memory implementation ... posix
db-1  | selecting default max_connections ... 100
db-1  | selecting default shared_buffers ... 128MB
db-1  | selecting default time zone ... UTC
db-1  | creating configuration files ... ok
db-1  | running bootstrap script ... ok
db-1  | sh: locale: not found
db-1  | 2026-08-23 16:39:00.731 UTC [35] WARNING:  no usable system locales were found
db-1  | performing post-bootstrap initialization ... ok
db-1  | syncing data to disk ... ok
db-1  | 
db-1  | 
db-1  | Success. You can now start the database server using:
db-1  | 
db-1  |     pg_ctl -D /var/lib/postgresql/data -l logfile start
db-1  | 
db-1  | initdb: warning: enabling "trust" authentication for local connections
db-1  | initdb: hint: You can change this by editing pg_hba.conf or using the option -A, or --auth-local and --auth-host, the next time you run initdb.
db-1  | waiting for server to start....2026-08-23 16:39:01.039 UTC [41] LOG:  starting PostgreSQL 16.14 on aarch64-unknown-linux-musl, compiled by gcc (Alpine 15.2.0) 15.2.0, 64-bit
db-1  | 2026-08-23 16:39:01.040 UTC [41] LOG:  listening on Unix socket "/var/run/postgresql/.s.PGSQL.5432"
db-1  | 2026-08-23 16:39:01.041 UTC [44] LOG:  database system was shut down at 2026-08-23 16:39:00 UTC
db-1  | 2026-08-23 16:39:01.043 UTC [41] LOG:  database system is ready to accept connections
db-1  |  done
db-1  | server started
db-1  | CREATE DATABASE
db-1  | 
db-1  | 
db-1  | /usr/local/bin/docker-entrypoint.sh: ignoring /docker-entrypoint-initdb.d/*
db-1  | 
db-1  | waiting for server to shut down....2026-08-23 16:39:01.171 UTC [41] LOG:  received fast shutdown request
db-1  | 2026-08-23 16:39:01.172 UTC [41] LOG:  aborting any active transactions
db-1  | 2026-08-23 16:39:01.173 UTC [41] LOG:  background worker "logical replication launcher" (PID 47) exited with exit code 1
db-1  | 2026-08-23 16:39:01.173 UTC [42] LOG:  shutting down
db-1  | 2026-08-23 16:39:01.174 UTC [42] LOG:  checkpoint starting: shutdown immediate
db-1  | 2026-08-23 16:39:01.193 UTC [42] LOG:  checkpoint complete: wrote 926 buffers (5.7%); 0 WAL file(s) added, 0 removed, 0 recycled; write=0.007 s, sync=0.012 s, total=0.020 s; sync files=301, longest=0.004 s, average=0.001 s; distance=4283 kB, estimate=4283 kB; lsn=0/1925D20, redo lsn=0/1925D20
db-1  | 2026-08-23 16:39:01.195 UTC [41] LOG:  database system is shut down
db-1  |  done
db-1  | server stopped
db-1  | 
db-1  | PostgreSQL init process complete; ready for start up.
db-1  | 
db-1  | 2026-08-23 16:39:01.286 UTC [1] LOG:  starting PostgreSQL 16.14 on aarch64-unknown-linux-musl, compiled by gcc (Alpine 15.2.0) 15.2.0, 64-bit
db-1  | 2026-08-23 16:39:01.286 UTC [1] LOG:  listening on IPv4 address "0.0.0.0", port 5432
db-1  | 2026-08-23 16:39:01.286 UTC [1] LOG:  listening on IPv6 address "::", port 5432
db-1  | 2026-08-23 16:39:01.286 UTC [1] LOG:  listening on Unix socket "/var/run/postgresql/.s.PGSQL.5432"
db-1  | 2026-08-23 16:39:01.288 UTC [57] LOG:  database system was shut down at 2026-08-23 16:39:01 UTC
db-1  | 2026-08-23 16:39:01.289 UTC [1] LOG:  database system is ready to accept connections
app-1  | 
app-1  |   .   ____          _            __ _ _
app-1  |  /\\ / ___'_ __ _ _(_)_ __  __ _ \ \ \ \
app-1  | ( ( )\___ | '_ | '_| | '_ \/ _` | \ \ \ \
app-1  |  \\/  ___)| |_)| | | | | || (_| |  ) ) ) )
app-1  |   '  |____| .__|_| |_|_| |_\__, | / / / /
app-1  |  =========|_|==============|___/=/_/_/_/
app-1  | 
app-1  |  :: Spring Boot ::                (v4.1.0)
app-1  | 
app-1  | 2026-08-23T16:39:11.616Z  INFO 1 --- [absfitness] [           main] com.absfitness.AbsFitnessApplication     : Starting AbsFitnessApplication v0.0.1-SNAPSHOT using Java 17.0.19 with PID 1 (/app/app.jar started by app in /app)
app-1  | 2026-08-23T16:39:11.617Z  INFO 1 --- [absfitness] [           main] com.absfitness.AbsFitnessApplication     : No active profile set, falling back to 1 default profile: "default"
app-1  | 2026-08-23T16:39:12.095Z  INFO 1 --- [absfitness] [           main] .s.d.r.c.RepositoryConfigurationDelegate : Bootstrapping Spring Data JPA repositories in DEFAULT mode.
app-1  | 2026-08-23T16:39:12.124Z  INFO 1 --- [absfitness] [           main] .s.d.r.c.RepositoryConfigurationDelegate : Finished Spring Data repository scanning in 24 ms. Found 10 JPA repository interfaces.
app-1  | 2026-08-23T16:39:12.419Z  INFO 1 --- [absfitness] [           main] o.s.boot.tomcat.TomcatWebServer          : Tomcat initialized with port 8080 (http)
app-1  | 2026-08-23T16:39:12.426Z  INFO 1 --- [absfitness] [           main] o.apache.catalina.core.StandardService   : Starting service [Tomcat]
app-1  | 2026-08-23T16:39:12.426Z  INFO 1 --- [absfitness] [           main] o.apache.catalina.core.StandardEngine    : Starting Servlet engine: [Apache Tomcat/11.0.22]
app-1  | 2026-08-23T16:39:12.447Z  INFO 1 --- [absfitness] [           main] b.w.c.s.WebApplicationContextInitializer : Root WebApplicationContext: initialization completed in 804 ms
app-1  | 2026-08-23T16:39:12.581Z  INFO 1 --- [absfitness] [           main] org.hibernate.orm.jpa                    : HHH008540: Processing PersistenceUnitInfo [name: default]
app-1  | 2026-08-23T16:39:12.604Z  INFO 1 --- [absfitness] [           main] org.hibernate.orm.core                   : HHH000001: Hibernate ORM core version 7.4.1.Final
app-1  | 2026-08-23T16:39:12.805Z  INFO 1 --- [absfitness] [           main] o.s.o.j.p.SpringPersistenceUnitInfo      : No LoadTimeWeaver setup: ignoring JPA class transformer
app-1  | 2026-08-23T16:39:12.817Z  INFO 1 --- [absfitness] [           main] com.zaxxer.hikari.HikariDataSource       : HikariPool-1 - Starting...
app-1  | 2026-08-23T16:39:12.910Z  INFO 1 --- [absfitness] [           main] com.zaxxer.hikari.pool.HikariPool        : HikariPool-1 - Added connection org.postgresql.jdbc.PgConnection@5a31abe9
app-1  | 2026-08-23T16:39:12.911Z  INFO 1 --- [absfitness] [           main] com.zaxxer.hikari.HikariDataSource       : HikariPool-1 - Start completed.
app-1  | 2026-08-23T16:39:12.930Z  WARN 1 --- [absfitness] [           main] org.hibernate.orm.deprecation            : HHH90000025: PostgreSQLDialect does not need to be specified explicitly using 'hibernate.dialect' (remove the property setting and it will be selected by default)
app-1  | 2026-08-23T16:39:12.940Z  INFO 1 --- [absfitness] [           main] org.hibernate.orm.connections.pooling    : HHH10001005: Database info:
app-1  | 	Database JDBC URL [jdbc:postgresql://db:5432/absfitness]
app-1  | 	Database driver: PostgreSQL JDBC Driver
app-1  | 	Database dialect: PostgreSQLDialect
app-1  | 	Database version: 16.14
app-1  | 	Default catalog/schema: absfitness/public
app-1  | 	Autocommit mode: undefined/unknown
app-1  | 	Isolation level: READ_COMMITTED [default READ_COMMITTED]
app-1  | 	JDBC fetch size: none
app-1  | 	Pool: DataSourceConnectionProvider
app-1  | 	Minimum pool size: undefined/unknown
app-1  | 	Maximum pool size: undefined/unknown
app-1  | 2026-08-23T16:39:13.486Z  INFO 1 --- [absfitness] [           main] org.hibernate.orm.core                   : HHH000489: No JTA platform available (set 'hibernate.transaction.jta.platform' to enable JTA platform integration)
app-1  | 2026-08-23T16:39:13.536Z  WARN 1 --- [absfitness] [           main] org.hibernate.orm.jdbc.warn              : HHH000247: ErrorCode: 0, SQLState: 00000
app-1  | 2026-08-23T16:39:13.537Z  WARN 1 --- [absfitness] [           main] org.hibernate.orm.jdbc.warn              : constraint "ukk11y3pdtsrjgy8w9b6q4bjwrx" of relation "_user" does not exist, skipping
app-1  | 2026-08-23T16:39:13.538Z  WARN 1 --- [absfitness] [           main] org.hibernate.orm.jdbc.warn              : HHH000247: ErrorCode: 0, SQLState: 00000
app-1  | 2026-08-23T16:39:13.538Z  WARN 1 --- [absfitness] [           main] org.hibernate.orm.jdbc.warn              : constraint "uksmv6iv0phvugvruh5upf10h08" of relation "_user" does not exist, skipping
app-1  | 2026-08-23T16:39:13.542Z  INFO 1 --- [absfitness] [           main] j.LocalContainerEntityManagerFactoryBean : Initialized JPA EntityManagerFactory for persistence unit 'default'
app-1  | 2026-08-23T16:39:13.582Z  INFO 1 --- [absfitness] [           main] o.s.d.j.r.query.QueryEnhancerFactories   : Hibernate is in classpath; If applicable, HQL parser will be used.
app-1  | 2026-08-23T16:39:13.680Z  INFO 1 --- [absfitness] [           main] eAuthenticationProviderManagerConfigurer : Global AuthenticationManager configured with AuthenticationProvider bean with name authenticationProvider
app-1  | 2026-08-23T16:39:13.680Z  WARN 1 --- [absfitness] [           main] r$InitializeUserDetailsManagerConfigurer : Global AuthenticationManager configured with an AuthenticationProvider bean. UserDetailsService beans will not be used by Spring Security for automatically configuring username/password login. Consider removing the AuthenticationProvider bean. Alternatively, consider using the UserDetailsService in a manually instantiated DaoAuthenticationProvider. If the current configuration is intentional, to turn off this warning, increase the logging level of 'org.springframework.security.config.annotation.authentication.configuration.InitializeUserDetailsBeanManagerConfigurer' to ERROR
app-1  | 2026-08-23T16:39:13.948Z  WARN 1 --- [absfitness] [           main] ConfigServletWebServerApplicationContext : Exception encountered during context initialization - cancelling refresh attempt: org.springframework.beans.factory.UnsatisfiedDependencyException: Error creating bean with name 'galleryController' defined in URL [jar:nested:/app/app.jar/!BOOT-INF/classes/!/com/absfitness/controller/GalleryController.class]: Unsatisfied dependency expressed through constructor parameter 0: Error creating bean with name 'mediaAssetService' defined in URL [jar:nested:/app/app.jar/!BOOT-INF/classes/!/com/absfitness/service/MediaAssetService.class]: Unsatisfied dependency expressed through constructor parameter 1: Error creating bean with name 'minioStorageService' defined in URL [jar:nested:/app/app.jar/!BOOT-INF/classes/!/com/absfitness/storage/MinioStorageService.class]: Unsatisfied dependency expressed through constructor parameter 0: Error creating bean with name 's3Client' defined in class path resource [com/absfitness/config/S3Config.class]: Unsatisfied dependency expressed through method 's3Client' parameter 4: Failed to convert value of type 'java.lang.String' to required type 'boolean'; Invalid boolean value [demo-placeholder]
app-1  | 2026-08-23T16:39:13.948Z  INFO 1 --- [absfitness] [           main] j.LocalContainerEntityManagerFactoryBean : Closing JPA EntityManagerFactory for persistence unit 'default'
app-1  | 2026-08-23T16:39:13.950Z  INFO 1 --- [absfitness] [           main] com.zaxxer.hikari.HikariDataSource       : HikariPool-1 - Shutdown initiated...
app-1  | 2026-08-23T16:39:13.954Z  INFO 1 --- [absfitness] [           main] com.zaxxer.hikari.HikariDataSource       : HikariPool-1 - Shutdown completed.
app-1  | 2026-08-23T16:39:13.956Z  INFO 1 --- [absfitness] [           main] o.apache.catalina.core.StandardService   : Stopping service [Tomcat]
app-1  | 2026-08-23T16:39:13.962Z  INFO 1 --- [absfitness] [           main] .s.b.a.l.ConditionEvaluationReportLogger : 
app-1  | 
app-1  | Error starting ApplicationContext. To display the condition evaluation report re-run your application with 'debug' enabled.
app-1  | 2026-08-23T16:39:13.971Z ERROR 1 --- [absfitness] [           main] o.s.boot.SpringApplication               : Application run failed
app-1  | 
app-1  | org.springframework.beans.factory.UnsatisfiedDependencyException: Error creating bean with name 'galleryController' defined in URL [jar:nested:/app/app.jar/!BOOT-INF/classes/!/com/absfitness/controller/GalleryController.class]: Unsatisfied dependency expressed through constructor parameter 0: Error creating bean with name 'mediaAssetService' defined in URL [jar:nested:/app/app.jar/!BOOT-INF/classes/!/com/absfitness/service/MediaAssetService.class]: Unsatisfied dependency expressed through constructor parameter 1: Error creating bean with name 'minioStorageService' defined in URL [jar:nested:/app/app.jar/!BOOT-INF/classes/!/com/absfitness/storage/MinioStorageService.class]: Unsatisfied dependency expressed through constructor parameter 0: Error creating bean with name 's3Client' defined in class path resource [com/absfitness/config/S3Config.class]: Unsatisfied dependency expressed through method 's3Client' parameter 4: Failed to convert value of type 'java.lang.String' to required type 'boolean'; Invalid boolean value [demo-placeholder]
app-1  | 	at org.springframework.beans.factory.support.ConstructorResolver.createArgumentArray(ConstructorResolver.java:804) ~[spring-beans-7.0.8.jar!/:7.0.8]
app-1  | 	at org.springframework.beans.factory.support.ConstructorResolver.autowireConstructor(ConstructorResolver.java:240) ~[spring-beans-7.0.8.jar!/:7.0.8]
app-1  | 	at org.springframework.beans.factory.support.AbstractAutowireCapableBeanFactory.autowireConstructor(AbstractAutowireCapableBeanFactory.java:1380) ~[spring-beans-7.0.8.jar!/:7.0.8]
app-1  | 	at org.springframework.beans.factory.support.AbstractAutowireCapableBeanFactory.createBeanInstance(AbstractAutowireCapableBeanFactory.java:1219) ~[spring-beans-7.0.8.jar!/:7.0.8]
app-1  | 	at org.springframework.beans.factory.support.AbstractAutowireCapableBeanFactory.doCreateBean(AbstractAutowireCapableBeanFactory.java:565) ~[spring-beans-7.0.8.jar!/:7.0.8]
app-1  | 	at org.springframework.beans.factory.support.AbstractAutowireCapableBeanFactory.createBean(AbstractAutowireCapableBeanFactory.java:525) ~[spring-beans-7.0.8.jar!/:7.0.8]
app-1  | 	at org.springframework.beans.factory.support.AbstractBeanFactory.lambda$doGetBean$0(AbstractBeanFactory.java:333) ~[spring-beans-7.0.8.jar!/:7.0.8]
app-1  | 	at org.springframework.beans.factory.support.DefaultSingletonBeanRegistry.getSingleton(DefaultSingletonBeanRegistry.java:371) ~[spring-beans-7.0.8.jar!/:7.0.8]
app-1  | 	at org.springframework.beans.factory.support.AbstractBeanFactory.doGetBean(AbstractBeanFactory.java:331) ~[spring-beans-7.0.8.jar!/:7.0.8]
app-1  | 	at org.springframework.beans.factory.support.AbstractBeanFactory.getBean(AbstractBeanFactory.java:196) ~[spring-beans-7.0.8.jar!/:7.0.8]
app-1  | 	at org.springframework.beans.factory.support.DefaultListableBeanFactory.instantiateSingleton(DefaultListableBeanFactory.java:1225) ~[spring-beans-7.0.8.jar!/:7.0.8]
app-1  | 	at org.springframework.beans.factory.support.DefaultListableBeanFactory.preInstantiateSingleton(DefaultListableBeanFactory.java:1191) ~[spring-beans-7.0.8.jar!/:7.0.8]
app-1  | 	at org.springframework.beans.factory.support.DefaultListableBeanFactory.preInstantiateSingletons(DefaultListableBeanFactory.java:1121) ~[spring-beans-7.0.8.jar!/:7.0.8]
app-1  | 	at org.springframework.context.support.AbstractApplicationContext.finishBeanFactoryInitialization(AbstractApplicationContext.java:994) ~[spring-context-7.0.8.jar!/:7.0.8]
app-1  | 	at org.springframework.context.support.AbstractApplicationContext.refresh(AbstractApplicationContext.java:621) ~[spring-context-7.0.8.jar!/:7.0.8]
app-1  | 	at org.springframework.boot.web.server.servlet.context.ServletWebServerApplicationContext.refresh(ServletWebServerApplicationContext.java:143) ~[spring-boot-web-server-4.1.0.jar!/:4.1.0]
app-1  | 	at org.springframework.boot.SpringApplication.refresh(SpringApplication.java:756) ~[spring-boot-4.1.0.jar!/:4.1.0]
app-1  | 	at org.springframework.boot.SpringApplication.refreshContext(SpringApplication.java:445) ~[spring-boot-4.1.0.jar!/:4.1.0]
app-1  | 	at org.springframework.boot.SpringApplication.run(SpringApplication.java:321) ~[spring-boot-4.1.0.jar!/:4.1.0]
app-1  | 	at org.springframework.boot.SpringApplication.run(SpringApplication.java:1365) ~[spring-boot-4.1.0.jar!/:4.1.0]
app-1  | 	at org.springframework.boot.SpringApplication.run(SpringApplication.java:1354) ~[spring-boot-4.1.0.jar!/:4.1.0]
app-1  | 	at com.absfitness.AbsFitnessApplication.main(AbsFitnessApplication.java:9) ~[!/:0.0.1-SNAPSHOT]
app-1  | 	at java.base/jdk.internal.reflect.NativeMethodAccessorImpl.invoke0(Native Method) ~[na:na]
app-1  | 	at java.base/jdk.internal.reflect.NativeMethodAccessorImpl.invoke(Unknown Source) ~[na:na]
app-1  | 	at java.base/jdk.internal.reflect.DelegatingMethodAccessorImpl.invoke(Unknown Source) ~[na:na]
app-1  | 	at java.base/java.lang.reflect.Method.invoke(Unknown Source) ~[na:na]
app-1  | 	at org.springframework.boot.loader.launch.Launcher.launch(Launcher.java:106) ~[app.jar:0.0.1-SNAPSHOT]
app-1  | 	at org.springframework.boot.loader.launch.Launcher.launch(Launcher.java:64) ~[app.jar:0.0.1-SNAPSHOT]
app-1  | 	at org.springframework.boot.loader.launch.JarLauncher.main(JarLauncher.java:40) ~[app.jar:0.0.1-SNAPSHOT]
app-1  | Caused by: org.springframework.beans.factory.UnsatisfiedDependencyException: Error creating bean with name 'mediaAssetService' defined in URL [jar:nested:/app/app.jar/!BOOT-INF/classes/!/com/absfitness/service/MediaAssetService.class]: Unsatisfied dependency expressed through constructor parameter 1: Error creating bean with name 'minioStorageService' defined in URL [jar:nested:/app/app.jar/!BOOT-INF/classes/!/com/absfitness/storage/MinioStorageService.class]: Unsatisfied dependency expressed through constructor parameter 0: Error creating bean with name 's3Client' defined in class path resource [com/absfitness/config/S3Config.class]: Unsatisfied dependency expressed through method 's3Client' parameter 4: Failed to convert value of type 'java.lang.String' to required type 'boolean'; Invalid boolean value [demo-placeholder]
app-1  | 	at org.springframework.beans.factory.support.ConstructorResolver.createArgumentArray(ConstructorResolver.java:804) ~[spring-beans-7.0.8.jar!/:7.0.8]
app-1  | 	at org.springframework.beans.factory.support.ConstructorResolver.autowireConstructor(ConstructorResolver.java:240) ~[spring-beans-7.0.8.jar!/:7.0.8]
app-1  | 	at org.springframework.beans.factory.support.AbstractAutowireCapableBeanFactory.autowireConstructor(AbstractAutowireCapableBeanFactory.java:1380) ~[spring-beans-7.0.8.jar!/:7.0.8]
app-1  | 	at org.springframework.beans.factory.support.AbstractAutowireCapableBeanFactory.createBeanInstance(AbstractAutowireCapableBeanFactory.java:1219) ~[spring-beans-7.0.8.jar!/:7.0.8]
app-1  | 	at org.springframework.beans.factory.support.AbstractAutowireCapableBeanFactory.doCreateBean(AbstractAutowireCapableBeanFactory.java:565) ~[spring-beans-7.0.8.jar!/:7.0.8]
app-1  | 	at org.springframework.beans.factory.support.AbstractAutowireCapableBeanFactory.createBean(AbstractAutowireCapableBeanFactory.java:525) ~[spring-beans-7.0.8.jar!/:7.0.8]
app-1  | 	at org.springframework.beans.factory.support.AbstractBeanFactory.lambda$doGetBean$0(AbstractBeanFactory.java:333) ~[spring-beans-7.0.8.jar!/:7.0.8]
app-1  | 	at org.springframework.beans.factory.support.DefaultSingletonBeanRegistry.getSingleton(DefaultSingletonBeanRegistry.java:371) ~[spring-beans-7.0.8.jar!/:7.0.8]
app-1  | 	at org.springframework.beans.factory.support.AbstractBeanFactory.doGetBean(AbstractBeanFactory.java:331) ~[spring-beans-7.0.8.jar!/:7.0.8]
app-1  | 	at org.springframework.beans.factory.support.AbstractBeanFactory.getBean(AbstractBeanFactory.java:201) ~[spring-beans-7.0.8.jar!/:7.0.8]
app-1  | 	at org.springframework.beans.factory.support.DefaultListableBeanFactory.resolveBean(DefaultListableBeanFactory.java:1232) ~[spring-beans-7.0.8.jar!/:7.0.8]
app-1  | 	at org.springframework.beans.factory.support.DefaultListableBeanFactory.doResolveDependency(DefaultListableBeanFactory.java:1711) ~[spring-beans-7.0.8.jar!/:7.0.8]
app-1  | 	at org.springframework.beans.factory.support.DefaultListableBeanFactory.resolveDependency(DefaultListableBeanFactory.java:1658) ~[spring-beans-7.0.8.jar!/:7.0.8]
app-1  | 	at org.springframework.beans.factory.support.ConstructorResolver.resolveAutowiredArgument(ConstructorResolver.java:912) ~[spring-beans-7.0.8.jar!/:7.0.8]
app-1  | 	at org.springframework.beans.factory.support.ConstructorResolver.createArgumentArray(ConstructorResolver.java:791) ~[spring-beans-7.0.8.jar!/:7.0.8]
app-1  | 	... 28 common frames omitted
app-1  | Caused by: org.springframework.beans.factory.UnsatisfiedDependencyException: Error creating bean with name 'minioStorageService' defined in URL [jar:nested:/app/app.jar/!BOOT-INF/classes/!/com/absfitness/storage/MinioStorageService.class]: Unsatisfied dependency expressed through constructor parameter 0: Error creating bean with name 's3Client' defined in class path resource [com/absfitness/config/S3Config.class]: Unsatisfied dependency expressed through method 's3Client' parameter 4: Failed to convert value of type 'java.lang.String' to required type 'boolean'; Invalid boolean value [demo-placeholder]
app-1  | 	at org.springframework.beans.factory.support.ConstructorResolver.createArgumentArray(ConstructorResolver.java:804) ~[spring-beans-7.0.8.jar!/:7.0.8]
app-1  | 	at org.springframework.beans.factory.support.ConstructorResolver.autowireConstructor(ConstructorResolver.java:240) ~[spring-beans-7.0.8.jar!/:7.0.8]
app-1  | 	at org.springframework.beans.factory.support.AbstractAutowireCapableBeanFactory.autowireConstructor(AbstractAutowireCapableBeanFactory.java:1380) ~[spring-beans-7.0.8.jar!/:7.0.8]
app-1  | 	at org.springframework.beans.factory.support.AbstractAutowireCapableBeanFactory.createBeanInstance(AbstractAutowireCapableBeanFactory.java:1219) ~[spring-beans-7.0.8.jar!/:7.0.8]
app-1  | 	at org.springframework.beans.factory.support.AbstractAutowireCapableBeanFactory.doCreateBean(AbstractAutowireCapableBeanFactory.java:565) ~[spring-beans-7.0.8.jar!/:7.0.8]
app-1  | 	at org.springframework.beans.factory.support.AbstractAutowireCapableBeanFactory.createBean(AbstractAutowireCapableBeanFactory.java:525) ~[spring-beans-7.0.8.jar!/:7.0.8]
app-1  | 	at org.springframework.beans.factory.support.AbstractBeanFactory.lambda$doGetBean$0(AbstractBeanFactory.java:333) ~[spring-beans-7.0.8.jar!/:7.0.8]
app-1  | 	at org.springframework.beans.factory.support.DefaultSingletonBeanRegistry.getSingleton(DefaultSingletonBeanRegistry.java:371) ~[spring-beans-7.0.8.jar!/:7.0.8]
app-1  | 	at org.springframework.beans.factory.support.AbstractBeanFactory.doGetBean(AbstractBeanFactory.java:331) ~[spring-beans-7.0.8.jar!/:7.0.8]
app-1  | 	at org.springframework.beans.factory.support.AbstractBeanFactory.getBean(AbstractBeanFactory.java:201) ~[spring-beans-7.0.8.jar!/:7.0.8]
app-1  | 	at org.springframework.beans.factory.config.DependencyDescriptor.resolveCandidate(DependencyDescriptor.java:229) ~[spring-beans-7.0.8.jar!/:7.0.8]
app-1  | 	at org.springframework.beans.factory.support.DefaultListableBeanFactory.doResolveDependency(DefaultListableBeanFactory.java:1769) ~[spring-beans-7.0.8.jar!/:7.0.8]
app-1  | 	at org.springframework.beans.factory.support.DefaultListableBeanFactory.resolveDependency(DefaultListableBeanFactory.java:1658) ~[spring-beans-7.0.8.jar!/:7.0.8]
app-1  | 	at org.springframework.beans.factory.support.ConstructorResolver.resolveAutowiredArgument(ConstructorResolver.java:912) ~[spring-beans-7.0.8.jar!/:7.0.8]
app-1  | 	at org.springframework.beans.factory.support.ConstructorResolver.createArgumentArray(ConstructorResolver.java:791) ~[spring-beans-7.0.8.jar!/:7.0.8]
app-1  | 	... 42 common frames omitted
app-1  | Caused by: org.springframework.beans.factory.UnsatisfiedDependencyException: Error creating bean with name 's3Client' defined in class path resource [com/absfitness/config/S3Config.class]: Unsatisfied dependency expressed through method 's3Client' parameter 4: Failed to convert value of type 'java.lang.String' to required type 'boolean'; Invalid boolean value [demo-placeholder]
app-1  | 	at org.springframework.beans.factory.support.ConstructorResolver.createArgumentArray(ConstructorResolver.java:804) ~[spring-beans-7.0.8.jar!/:7.0.8]
app-1  | 	at org.springframework.beans.factory.support.ConstructorResolver.instantiateUsingFactoryMethod(ConstructorResolver.java:546) ~[spring-beans-7.0.8.jar!/:7.0.8]
app-1  | 	at org.springframework.beans.factory.support.AbstractAutowireCapableBeanFactory.instantiateUsingFactoryMethod(AbstractAutowireCapableBeanFactory.java:1360) ~[spring-beans-7.0.8.jar!/:7.0.8]
app-1  | 	at org.springframework.beans.factory.support.AbstractAutowireCapableBeanFactory.createBeanInstance(AbstractAutowireCapableBeanFactory.java:1192) ~[spring-beans-7.0.8.jar!/:7.0.8]
app-1  | 	at org.springframework.beans.factory.support.AbstractAutowireCapableBeanFactory.doCreateBean(AbstractAutowireCapableBeanFactory.java:565) ~[spring-beans-7.0.8.jar!/:7.0.8]
app-1  | 	at org.springframework.beans.factory.support.AbstractAutowireCapableBeanFactory.createBean(AbstractAutowireCapableBeanFactory.java:525) ~[spring-beans-7.0.8.jar!/:7.0.8]
app-1  | 	at org.springframework.beans.factory.support.AbstractBeanFactory.lambda$doGetBean$0(AbstractBeanFactory.java:333) ~[spring-beans-7.0.8.jar!/:7.0.8]
app-1  | 	at org.springframework.beans.factory.support.DefaultSingletonBeanRegistry.getSingleton(DefaultSingletonBeanRegistry.java:371) ~[spring-beans-7.0.8.jar!/:7.0.8]
app-1  | 	at org.springframework.beans.factory.support.AbstractBeanFactory.doGetBean(AbstractBeanFactory.java:331) ~[spring-beans-7.0.8.jar!/:7.0.8]
app-1  | 	at org.springframework.beans.factory.support.AbstractBeanFactory.getBean(AbstractBeanFactory.java:201) ~[spring-beans-7.0.8.jar!/:7.0.8]
app-1  | 	at org.springframework.beans.factory.config.DependencyDescriptor.resolveCandidate(DependencyDescriptor.java:229) ~[spring-beans-7.0.8.jar!/:7.0.8]
app-1  | 	at org.springframework.beans.factory.support.DefaultListableBeanFactory.doResolveDependency(DefaultListableBeanFactory.java:1769) ~[spring-beans-7.0.8.jar!/:7.0.8]
app-1  | 	at org.springframework.beans.factory.support.DefaultListableBeanFactory.resolveDependency(DefaultListableBeanFactory.java:1658) ~[spring-beans-7.0.8.jar!/:7.0.8]
app-1  | 	at org.springframework.beans.factory.support.ConstructorResolver.resolveAutowiredArgument(ConstructorResolver.java:912) ~[spring-beans-7.0.8.jar!/:7.0.8]
app-1  | 	at org.springframework.beans.factory.support.ConstructorResolver.createArgumentArray(ConstructorResolver.java:791) ~[spring-beans-7.0.8.jar!/:7.0.8]
app-1  | 	... 56 common frames omitted
app-1  | Caused by: org.springframework.beans.TypeMismatchException: Failed to convert value of type 'java.lang.String' to required type 'boolean'; Invalid boolean value [demo-placeholder]
app-1  | 	at org.springframework.beans.TypeConverterSupport.convertIfNecessary(TypeConverterSupport.java:82) ~[spring-beans-7.0.8.jar!/:7.0.8]
app-1  | 	at org.springframework.beans.TypeConverterSupport.convertIfNecessary(TypeConverterSupport.java:67) ~[spring-beans-7.0.8.jar!/:7.0.8]
app-1  | 	at org.springframework.beans.factory.support.DefaultListableBeanFactory.doResolveDependency(DefaultListableBeanFactory.java:1686) ~[spring-beans-7.0.8.jar!/:7.0.8]
app-1  | 	at org.springframework.beans.factory.support.DefaultListableBeanFactory.resolveDependency(DefaultListableBeanFactory.java:1658) ~[spring-beans-7.0.8.jar!/:7.0.8]
app-1  | 	at org.springframework.beans.factory.support.ConstructorResolver.resolveAutowiredArgument(ConstructorResolver.java:912) ~[spring-beans-7.0.8.jar!/:7.0.8]
app-1  | 	at org.springframework.beans.factory.support.ConstructorResolver.createArgumentArray(ConstructorResolver.java:791) ~[spring-beans-7.0.8.jar!/:7.0.8]
app-1  | 	... 70 common frames omitted
app-1  | Caused by: java.lang.IllegalArgumentException: Invalid boolean value [demo-placeholder]
app-1  | 	at org.springframework.beans.propertyeditors.CustomBooleanEditor.setAsText(CustomBooleanEditor.java:153) ~[spring-beans-7.0.8.jar!/:7.0.8]
app-1  | 	at org.springframework.beans.TypeConverterDelegate.doConvertTextValue(TypeConverterDelegate.java:434) ~[spring-beans-7.0.8.jar!/:7.0.8]
app-1  | 	at org.springframework.beans.TypeConverterDelegate.doConvertValue(TypeConverterDelegate.java:407) ~[spring-beans-7.0.8.jar!/:7.0.8]
app-1  | 	at org.springframework.beans.TypeConverterDelegate.convertIfNecessary(TypeConverterDelegate.java:158) ~[spring-beans-7.0.8.jar!/:7.0.8]
app-1  | 	at org.springframework.beans.TypeConverterSupport.convertIfNecessary(TypeConverterSupport.java:75) ~[spring-beans-7.0.8.jar!/:7.0.8]
app-1  | 	... 75 common frames omitted
app-1  | 
app-1  | 
app-1  |   .   ____          _            __ _ _
app-1  |  /\\ / ___'_ __ _ _(_)_ __  __ _ \ \ \ \
app-1  | ( ( )\___ | '_ | '_| | '_ \/ _` | \ \ \ \
app-1  |  \\/  ___)| |_)| | | | | || (_| |  ) ) ) )
app-1  |   '  |____| .__|_| |_|_| |_\__, | / / / /
app-1  |  =========|_|==============|___/=/_/_/_/
app-1  | 
app-1  |  :: Spring Boot ::                (v4.1.0)
app-1  | 
app-1  | 2026-08-23T16:39:14.618Z  INFO 1 --- [absfitness] [           main] com.absfitness.AbsFitnessApplication     : Starting AbsFitnessApplication v0.0.1-SNAPSHOT using Java 17.0.19 with PID 1 (/app/app.jar started by app in /app)
app-1  | 2026-08-23T16:39:14.620Z  INFO 1 --- [absfitness] [           main] com.absfitness.AbsFitnessApplication     : No active profile set, falling back to 1 default profile: "default"
app-1  | 2026-08-23T16:39:15.066Z  INFO 1 --- [absfitness] [           main] .s.d.r.c.RepositoryConfigurationDelegate : Bootstrapping Spring Data JPA repositories in DEFAULT mode.
app-1  | 2026-08-23T16:39:15.091Z  INFO 1 --- [absfitness] [           main] .s.d.r.c.RepositoryConfigurationDelegate : Finished Spring Data repository scanning in 21 ms. Found 10 JPA repository interfaces.
app-1  | 2026-08-23T16:39:15.369Z  INFO 1 --- [absfitness] [           main] o.s.boot.tomcat.TomcatWebServer          : Tomcat initialized with port 8080 (http)
app-1  | 2026-08-23T16:39:15.375Z  INFO 1 --- [absfitness] [           main] o.apache.catalina.core.StandardService   : Starting service [Tomcat]
app-1  | 2026-08-23T16:39:15.375Z  INFO 1 --- [absfitness] [           main] o.apache.catalina.core.StandardEngine    : Starting Servlet engine: [Apache Tomcat/11.0.22]
app-1  | 2026-08-23T16:39:15.389Z  INFO 1 --- [absfitness] [           main] b.w.c.s.WebApplicationContextInitializer : Root WebApplicationContext: initialization completed in 742 ms
app-1  | 2026-08-23T16:39:15.522Z  INFO 1 --- [absfitness] [           main] org.hibernate.orm.jpa                    : HHH008540: Processing PersistenceUnitInfo [name: default]
app-1  | 2026-08-23T16:39:15.546Z  INFO 1 --- [absfitness] [           main] org.hibernate.orm.core                   : HHH000001: Hibernate ORM core version 7.4.1.Final
app-1  | 2026-08-23T16:39:15.734Z  INFO 1 --- [absfitness] [           main] o.s.o.j.p.SpringPersistenceUnitInfo      : No LoadTimeWeaver setup: ignoring JPA class transformer
app-1  | 2026-08-23T16:39:15.747Z  INFO 1 --- [absfitness] [           main] com.zaxxer.hikari.HikariDataSource       : HikariPool-1 - Starting...
app-1  | 2026-08-23T16:39:15.834Z  INFO 1 --- [absfitness] [           main] com.zaxxer.hikari.pool.HikariPool        : HikariPool-1 - Added connection org.postgresql.jdbc.PgConnection@575c23f1
app-1  | 2026-08-23T16:39:15.835Z  INFO 1 --- [absfitness] [           main] com.zaxxer.hikari.HikariDataSource       : HikariPool-1 - Start completed.
app-1  | 2026-08-23T16:39:15.850Z  WARN 1 --- [absfitness] [           main] org.hibernate.orm.deprecation            : HHH90000025: PostgreSQLDialect does not need to be specified explicitly using 'hibernate.dialect' (remove the property setting and it will be selected by default)
app-1  | 2026-08-23T16:39:15.859Z  INFO 1 --- [absfitness] [           main] org.hibernate.orm.connections.pooling    : HHH10001005: Database info:
app-1  | 	Database JDBC URL [jdbc:postgresql://db:5432/absfitness]
app-1  | 	Database driver: PostgreSQL JDBC Driver
app-1  | 	Database dialect: PostgreSQLDialect
app-1  | 	Database version: 16.14
app-1  | 	Default catalog/schema: absfitness/public
app-1  | 	Autocommit mode: undefined/unknown
app-1  | 	Isolation level: READ_COMMITTED [default READ_COMMITTED]
app-1  | 	JDBC fetch size: none
app-1  | 	Pool: DataSourceConnectionProvider
app-1  | 	Minimum pool size: undefined/unknown
app-1  | 	Maximum pool size: undefined/unknown
app-1  | 2026-08-23T16:39:16.370Z  INFO 1 --- [absfitness] [           main] org.hibernate.orm.core                   : HHH000489: No JTA platform available (set 'hibernate.transaction.jta.platform' to enable JTA platform integration)
app-1  | 2026-08-23T16:39:16.405Z  INFO 1 --- [absfitness] [           main] j.LocalContainerEntityManagerFactoryBean : Initialized JPA EntityManagerFactory for persistence unit 'default'
app-1  | 2026-08-23T16:39:16.440Z  INFO 1 --- [absfitness] [           main] o.s.d.j.r.query.QueryEnhancerFactories   : Hibernate is in classpath; If applicable, HQL parser will be used.
app-1  | 2026-08-23T16:39:16.535Z  INFO 1 --- [absfitness] [           main] eAuthenticationProviderManagerConfigurer : Global AuthenticationManager configured with AuthenticationProvider bean with name authenticationProvider
app-1  | 2026-08-23T16:39:16.535Z  WARN 1 --- [absfitness] [           main] r$InitializeUserDetailsManagerConfigurer : Global AuthenticationManager configured with an AuthenticationProvider bean. UserDetailsService beans will not be used by Spring Security for automatically configuring username/password login. Consider removing the AuthenticationProvider bean. Alternatively, consider using the UserDetailsService in a manually instantiated DaoAuthenticationProvider. If the current configuration is intentional, to turn off this warning, increase the logging level of 'org.springframework.security.config.annotation.authentication.configuration.InitializeUserDetailsBeanManagerConfigurer' to ERROR
app-1  | 2026-08-23T16:39:16.787Z  WARN 1 --- [absfitness] [           main] ConfigServletWebServerApplicationContext : Exception encountered during context initialization - cancelling refresh attempt: org.springframework.beans.factory.UnsatisfiedDependencyException: Error creating bean with name 'galleryController' defined in URL [jar:nested:/app/app.jar/!BOOT-INF/classes/!/com/absfitness/controller/GalleryController.class]: Unsatisfied dependency expressed through constructor parameter 0: Error creating bean with name 'mediaAssetService' defined in URL [jar:nested:/app/app.jar/!BOOT-INF/classes/!/com/absfitness/service/MediaAssetService.class]: Unsatisfied dependency expressed through constructor parameter 1: Error creating bean with name 'minioStorageService' defined in URL [jar:nested:/app/app.jar/!BOOT-INF/classes/!/com/absfitness/storage/MinioStorageService.class]: Unsatisfied dependency expressed through constructor parameter 0: Error creating bean with name 's3Client' defined in class path resource [com/absfitness/config/S3Config.class]: Unsatisfied dependency expressed through method 's3Client' parameter 4: Failed to convert value of type 'java.lang.String' to required type 'boolean'; Invalid boolean value [demo-placeholder]
app-1  | 2026-08-23T16:39:16.788Z  INFO 1 --- [absfitness] [           main] j.LocalContainerEntityManagerFactoryBean : Closing JPA EntityManagerFactory for persistence unit 'default'
app-1  | 2026-08-23T16:39:16.790Z  INFO 1 --- [absfitness] [           main] com.zaxxer.hikari.HikariDataSource       : HikariPool-1 - Shutdown initiated...
app-1  | 2026-08-23T16:39:16.793Z  INFO 1 --- [absfitness] [           main] com.zaxxer.hikari.HikariDataSource       : HikariPool-1 - Shutdown completed.
app-1  | 2026-08-23T16:39:16.796Z  INFO 1 --- [absfitness] [           main] o.apache.catalina.core.StandardService   : Stopping service [Tomcat]
app-1  | 2026-08-23T16:39:16.803Z  INFO 1 --- [absfitness] [           main] .s.b.a.l.ConditionEvaluationReportLogger : 
app-1  | 
app-1  | Error starting ApplicationContext. To display the condition evaluation report re-run your application with 'debug' enabled.
app-1  | 2026-08-23T16:39:16.809Z ERROR 1 --- [absfitness] [           main] o.s.boot.SpringApplication               : Application run failed
app-1  | 
app-1  | org.springframework.beans.factory.UnsatisfiedDependencyException: Error creating bean with name 'galleryController' defined in URL [jar:nested:/app/app.jar/!BOOT-INF/classes/!/com/absfitness/controller/GalleryController.class]: Unsatisfied dependency expressed through constructor parameter 0: Error creating bean with name 'mediaAssetService' defined in URL [jar:nested:/app/app.jar/!BOOT-INF/classes/!/com/absfitness/service/MediaAssetService.class]: Unsatisfied dependency expressed through constructor parameter 1: Error creating bean with name 'minioStorageService' defined in URL [jar:nested:/app/app.jar/!BOOT-INF/classes/!/com/absfitness/storage/MinioStorageService.class]: Unsatisfied dependency expressed through constructor parameter 0: Error creating bean with name 's3Client' defined in class path resource [com/absfitness/config/S3Config.class]: Unsatisfied dependency expressed through method 's3Client' parameter 4: Failed to convert value of type 'java.lang.String' to required type 'boolean'; Invalid boolean value [demo-placeholder]
app-1  | 	at org.springframework.beans.factory.support.ConstructorResolver.createArgumentArray(ConstructorResolver.java:804) ~[spring-beans-7.0.8.jar!/:7.0.8]
app-1  | 	at org.springframework.beans.factory.support.ConstructorResolver.autowireConstructor(ConstructorResolver.java:240) ~[spring-beans-7.0.8.jar!/:7.0.8]
app-1  | 	at org.springframework.beans.factory.support.AbstractAutowireCapableBeanFactory.autowireConstructor(AbstractAutowireCapableBeanFactory.java:1380) ~[spring-beans-7.0.8.jar!/:7.0.8]
app-1  | 	at org.springframework.beans.factory.support.AbstractAutowireCapableBeanFactory.createBeanInstance(AbstractAutowireCapableBeanFactory.java:1219) ~[spring-beans-7.0.8.jar!/:7.0.8]
app-1  | 	at org.springframework.beans.factory.support.AbstractAutowireCapableBeanFactory.doCreateBean(AbstractAutowireCapableBeanFactory.java:565) ~[spring-beans-7.0.8.jar!/:7.0.8]
app-1  | 	at org.springframework.beans.factory.support.AbstractAutowireCapableBeanFactory.createBean(AbstractAutowireCapableBeanFactory.java:525) ~[spring-beans-7.0.8.jar!/:7.0.8]
app-1  | 	at org.springframework.beans.factory.support.AbstractBeanFactory.lambda$doGetBean$0(AbstractBeanFactory.java:333) ~[spring-beans-7.0.8.jar!/:7.0.8]
app-1  | 	at org.springframework.beans.factory.support.DefaultSingletonBeanRegistry.getSingleton(DefaultSingletonBeanRegistry.java:371) ~[spring-beans-7.0.8.jar!/:7.0.8]
app-1  | 	at org.springframework.beans.factory.support.AbstractBeanFactory.doGetBean(AbstractBeanFactory.java:331) ~[spring-beans-7.0.8.jar!/:7.0.8]
app-1  | 	at org.springframework.beans.factory.support.AbstractBeanFactory.getBean(AbstractBeanFactory.java:196) ~[spring-beans-7.0.8.jar!/:7.0.8]
app-1  | 	at org.springframework.beans.factory.support.DefaultListableBeanFactory.instantiateSingleton(DefaultListableBeanFactory.java:1225) ~[spring-beans-7.0.8.jar!/:7.0.8]
app-1  | 	at org.springframework.beans.factory.support.DefaultListableBeanFactory.preInstantiateSingleton(DefaultListableBeanFactory.java:1191) ~[spring-beans-7.0.8.jar!/:7.0.8]
app-1  | 	at org.springframework.beans.factory.support.DefaultListableBeanFactory.preInstantiateSingletons(DefaultListableBeanFactory.java:1121) ~[spring-beans-7.0.8.jar!/:7.0.8]
app-1  | 	at org.springframework.context.support.AbstractApplicationContext.finishBeanFactoryInitialization(AbstractApplicationContext.java:994) ~[spring-context-7.0.8.jar!/:7.0.8]
app-1  | 	at org.springframework.context.support.AbstractApplicationContext.refresh(AbstractApplicationContext.java:621) ~[spring-context-7.0.8.jar!/:7.0.8]
app-1  | 	at org.springframework.boot.web.server.servlet.context.ServletWebServerApplicationContext.refresh(ServletWebServerApplicationContext.java:143) ~[spring-boot-web-server-4.1.0.jar!/:4.1.0]
app-1  | 	at org.springframework.boot.SpringApplication.refresh(SpringApplication.java:756) ~[spring-boot-4.1.0.jar!/:4.1.0]
app-1  | 	at org.springframework.boot.SpringApplication.refreshContext(SpringApplication.java:445) ~[spring-boot-4.1.0.jar!/:4.1.0]
app-1  | 	at org.springframework.boot.SpringApplication.run(SpringApplication.java:321) ~[spring-boot-4.1.0.jar!/:4.1.0]
app-1  | 	at org.springframework.boot.SpringApplication.run(SpringApplication.java:1365) ~[spring-boot-4.1.0.jar!/:4.1.0]
app-1  | 	at org.springframework.boot.SpringApplication.run(SpringApplication.java:1354) ~[spring-boot-4.1.0.jar!/:4.1.0]
app-1  | 	at com.absfitness.AbsFitnessApplication.main(AbsFitnessApplication.java:9) ~[!/:0.0.1-SNAPSHOT]
app-1  | 	at java.base/jdk.internal.reflect.NativeMethodAccessorImpl.invoke0(Native Method) ~[na:na]
app-1  | 	at java.base/jdk.internal.reflect.NativeMethodAccessorImpl.invoke(Unknown Source) ~[na:na]
app-1  | 	at java.base/jdk.internal.reflect.DelegatingMethodAccessorImpl.invoke(Unknown Source) ~[na:na]
app-1  | 	at java.base/java.lang.reflect.Method.invoke(Unknown Source) ~[na:na]
app-1  | 	at org.springframework.boot.loader.launch.Launcher.launch(Launcher.java:106) ~[app.jar:0.0.1-SNAPSHOT]
app-1  | 	at org.springframework.boot.loader.launch.Launcher.launch(Launcher.java:64) ~[app.jar:0.0.1-SNAPSHOT]
app-1  | 	at org.springframework.boot.loader.launch.JarLauncher.main(JarLauncher.java:40) ~[app.jar:0.0.1-SNAPSHOT]
app-1  | Caused by: org.springframework.beans.factory.UnsatisfiedDependencyException: Error creating bean with name 'mediaAssetService' defined in URL [jar:nested:/app/app.jar/!BOOT-INF/classes/!/com/absfitness/service/MediaAssetService.class]: Unsatisfied dependency expressed through constructor parameter 1: Error creating bean with name 'minioStorageService' defined in URL [jar:nested:/app/app.jar/!BOOT-INF/classes/!/com/absfitness/storage/MinioStorageService.class]: Unsatisfied dependency expressed through constructor parameter 0: Error creating bean with name 's3Client' defined in class path resource [com/absfitness/config/S3Config.class]: Unsatisfied dependency expressed through method 's3Client' parameter 4: Failed to convert value of type 'java.lang.String' to required type 'boolean'; Invalid boolean value [demo-placeholder]
app-1  | 	at org.springframework.beans.factory.support.ConstructorResolver.createArgumentArray(ConstructorResolver.java:804) ~[spring-beans-7.0.8.jar!/:7.0.8]
app-1  | 	at org.springframework.beans.factory.support.ConstructorResolver.autowireConstructor(ConstructorResolver.java:240) ~[spring-beans-7.0.8.jar!/:7.0.8]
app-1  | 	at org.springframework.beans.factory.support.AbstractAutowireCapableBeanFactory.autowireConstructor(AbstractAutowireCapableBeanFactory.java:1380) ~[spring-beans-7.0.8.jar!/:7.0.8]
app-1  | 	at org.springframework.beans.factory.support.AbstractAutowireCapableBeanFactory.createBeanInstance(AbstractAutowireCapableBeanFactory.java:1219) ~[spring-beans-7.0.8.jar!/:7.0.8]
app-1  | 	at org.springframework.beans.factory.support.AbstractAutowireCapableBeanFactory.doCreateBean(AbstractAutowireCapableBeanFactory.java:565) ~[spring-beans-7.0.8.jar!/:7.0.8]
app-1  | 	at org.springframework.beans.factory.support.AbstractAutowireCapableBeanFactory.createBean(AbstractAutowireCapableBeanFactory.java:525) ~[spring-beans-7.0.8.jar!/:7.0.8]
app-1  | 	at org.springframework.beans.factory.support.AbstractBeanFactory.lambda$doGetBean$0(AbstractBeanFactory.java:333) ~[spring-beans-7.0.8.jar!/:7.0.8]
app-1  | 	at org.springframework.beans.factory.support.DefaultSingletonBeanRegistry.getSingleton(DefaultSingletonBeanRegistry.java:371) ~[spring-beans-7.0.8.jar!/:7.0.8]
app-1  | 	at org.springframework.beans.factory.support.AbstractBeanFactory.doGetBean(AbstractBeanFactory.java:331) ~[spring-beans-7.0.8.jar!/:7.0.8]
app-1  | 	at org.springframework.beans.factory.support.AbstractBeanFactory.getBean(AbstractBeanFactory.java:201) ~[spring-beans-7.0.8.jar!/:7.0.8]
app-1  | 	at org.springframework.beans.factory.support.DefaultListableBeanFactory.resolveBean(DefaultListableBeanFactory.java:1232) ~[spring-beans-7.0.8.jar!/:7.0.8]
app-1  | 	at org.springframework.beans.factory.support.DefaultListableBeanFactory.doResolveDependency(DefaultListableBeanFactory.java:1711) ~[spring-beans-7.0.8.jar!/:7.0.8]
app-1  | 	at org.springframework.beans.factory.support.DefaultListableBeanFactory.resolveDependency(DefaultListableBeanFactory.java:1658) ~[spring-beans-7.0.8.jar!/:7.0.8]
app-1  | 	at org.springframework.beans.factory.support.ConstructorResolver.resolveAutowiredArgument(ConstructorResolver.java:912) ~[spring-beans-7.0.8.jar!/:7.0.8]
app-1  | 	at org.springframework.beans.factory.support.ConstructorResolver.createArgumentArray(ConstructorResolver.java:791) ~[spring-beans-7.0.8.jar!/:7.0.8]
app-1  | 	... 28 common frames omitted
app-1  | Caused by: org.springframework.beans.factory.UnsatisfiedDependencyException: Error creating bean with name 'minioStorageService' defined in URL [jar:nested:/app/app.jar/!BOOT-INF/classes/!/com/absfitness/storage/MinioStorageService.class]: Unsatisfied dependency expressed through constructor parameter 0: Error creating bean with name 's3Client' defined in class path resource [com/absfitness/config/S3Config.class]: Unsatisfied dependency expressed through method 's3Client' parameter 4: Failed to convert value of type 'java.lang.String' to required type 'boolean'; Invalid boolean value [demo-placeholder]
app-1  | 	at org.springframework.beans.factory.support.ConstructorResolver.createArgumentArray(ConstructorResolver.java:804) ~[spring-beans-7.0.8.jar!/:7.0.8]
app-1  | 	at org.springframework.beans.factory.support.ConstructorResolver.autowireConstructor(ConstructorResolver.java:240) ~[spring-beans-7.0.8.jar!/:7.0.8]
app-1  | 	at org.springframework.beans.factory.support.AbstractAutowireCapableBeanFactory.autowireConstructor(AbstractAutowireCapableBeanFactory.java:1380) ~[spring-beans-7.0.8.jar!/:7.0.8]
app-1  | 	at org.springframework.beans.factory.support.AbstractAutowireCapableBeanFactory.createBeanInstance(AbstractAutowireCapableBeanFactory.java:1219) ~[spring-beans-7.0.8.jar!/:7.0.8]
app-1  | 	at org.springframework.beans.factory.support.AbstractAutowireCapableBeanFactory.doCreateBean(AbstractAutowireCapableBeanFactory.java:565) ~[spring-beans-7.0.8.jar!/:7.0.8]
app-1  | 	at org.springframework.beans.factory.support.AbstractAutowireCapableBeanFactory.createBean(AbstractAutowireCapableBeanFactory.java:525) ~[spring-beans-7.0.8.jar!/:7.0.8]
app-1  | 	at org.springframework.beans.factory.support.AbstractBeanFactory.lambda$doGetBean$0(AbstractBeanFactory.java:333) ~[spring-beans-7.0.8.jar!/:7.0.8]
app-1  | 	at org.springframework.beans.factory.support.DefaultSingletonBeanRegistry.getSingleton(DefaultSingletonBeanRegistry.java:371) ~[spring-beans-7.0.8.jar!/:7.0.8]
app-1  | 	at org.springframework.beans.factory.support.AbstractBeanFactory.doGetBean(AbstractBeanFactory.java:331) ~[spring-beans-7.0.8.jar!/:7.0.8]
app-1  | 	at org.springframework.beans.factory.support.AbstractBeanFactory.getBean(AbstractBeanFactory.java:201) ~[spring-beans-7.0.8.jar!/:7.0.8]
app-1  | 	at org.springframework.beans.factory.config.DependencyDescriptor.resolveCandidate(DependencyDescriptor.java:229) ~[spring-beans-7.0.8.jar!/:7.0.8]
app-1  | 	at org.springframework.beans.factory.support.DefaultListableBeanFactory.doResolveDependency(DefaultListableBeanFactory.java:1769) ~[spring-beans-7.0.8.jar!/:7.0.8]
app-1  | 	at org.springframework.beans.factory.support.DefaultListableBeanFactory.resolveDependency(DefaultListableBeanFactory.java:1658) ~[spring-beans-7.0.8.jar!/:7.0.8]
app-1  | 	at org.springframework.beans.factory.support.ConstructorResolver.resolveAutowiredArgument(ConstructorResolver.java:912) ~[spring-beans-7.0.8.jar!/:7.0.8]
app-1  | 	at org.springframework.beans.factory.support.ConstructorResolver.createArgumentArray(ConstructorResolver.java:791) ~[spring-beans-7.0.8.jar!/:7.0.8]
app-1  | 	... 42 common frames omitted
app-1  | Caused by: org.springframework.beans.factory.UnsatisfiedDependencyException: Error creating bean with name 's3Client' defined in class path resource [com/absfitness/config/S3Config.class]: Unsatisfied dependency expressed through method 's3Client' parameter 4: Failed to convert value of type 'java.lang.String' to required type 'boolean'; Invalid boolean value [demo-placeholder]
app-1  | 	at org.springframework.beans.factory.support.ConstructorResolver.createArgumentArray(ConstructorResolver.java:804) ~[spring-beans-7.0.8.jar!/:7.0.8]
app-1  | 	at org.springframework.beans.factory.support.ConstructorResolver.instantiateUsingFactoryMethod(ConstructorResolver.java:546) ~[spring-beans-7.0.8.jar!/:7.0.8]
app-1  | 	at org.springframework.beans.factory.support.AbstractAutowireCapableBeanFactory.instantiateUsingFactoryMethod(AbstractAutowireCapableBeanFactory.java:1360) ~[spring-beans-7.0.8.jar!/:7.0.8]
app-1  | 	at org.springframework.beans.factory.support.AbstractAutowireCapableBeanFactory.createBeanInstance(AbstractAutowireCapableBeanFactory.java:1192) ~[spring-beans-7.0.8.jar!/:7.0.8]
app-1  | 	at org.springframework.beans.factory.support.AbstractAutowireCapableBeanFactory.doCreateBean(AbstractAutowireCapableBeanFactory.java:565) ~[spring-beans-7.0.8.jar!/:7.0.8]
app-1  | 	at org.springframework.beans.factory.support.AbstractAutowireCapableBeanFactory.createBean(AbstractAutowireCapableBeanFactory.java:525) ~[spring-beans-7.0.8.jar!/:7.0.8]
app-1  | 	at org.springframework.beans.factory.support.AbstractBeanFactory.lambda$doGetBean$0(AbstractBeanFactory.java:333) ~[spring-beans-7.0.8.jar!/:7.0.8]
app-1  | 	at org.springframework.beans.factory.support.DefaultSingletonBeanRegistry.getSingleton(DefaultSingletonBeanRegistry.java:371) ~[spring-beans-7.0.8.jar!/:7.0.8]
app-1  | 	at org.springframework.beans.factory.support.AbstractBeanFactory.doGetBean(AbstractBeanFactory.java:331) ~[spring-beans-7.0.8.jar!/:7.0.8]
app-1  | 	at org.springframework.beans.factory.support.AbstractBeanFactory.getBean(AbstractBeanFactory.java:201) ~[spring-beans-7.0.8.jar!/:7.0.8]
app-1  | 	at org.springframework.beans.factory.config.DependencyDescriptor.resolveCandidate(DependencyDescriptor.java:229) ~[spring-beans-7.0.8.jar!/:7.0.8]
app-1  | 	at org.springframework.beans.factory.support.DefaultListableBeanFactory.doResolveDependency(DefaultListableBeanFactory.java:1769) ~[spring-beans-7.0.8.jar!/:7.0.8]
app-1  | 	at org.springframework.beans.factory.support.DefaultListableBeanFactory.resolveDependency(DefaultListableBeanFactory.java:1658) ~[spring-beans-7.0.8.jar!/:7.0.8]
app-1  | 	at org.springframework.beans.factory.support.ConstructorResolver.resolveAutowiredArgument(ConstructorResolver.java:912) ~[spring-beans-7.0.8.jar!/:7.0.8]
app-1  | 	at org.springframework.beans.factory.support.ConstructorResolver.createArgumentArray(ConstructorResolver.java:791) ~[spring-beans-7.0.8.jar!/:7.0.8]
app-1  | 	... 56 common frames omitted
app-1  | Caused by: org.springframework.beans.TypeMismatchException: Failed to convert value of type 'java.lang.String' to required type 'boolean'; Invalid boolean value [demo-placeholder]
app-1  | 	at org.springframework.beans.TypeConverterSupport.convertIfNecessary(TypeConverterSupport.java:82) ~[spring-beans-7.0.8.jar!/:7.0.8]
app-1  | 	at org.springframework.beans.TypeConverterSupport.convertIfNecessary(TypeConverterSupport.java:67) ~[spring-beans-7.0.8.jar!/:7.0.8]
app-1  | 	at org.springframework.beans.factory.support.DefaultListableBeanFactory.doResolveDependency(DefaultListableBeanFactory.java:1686) ~[spring-beans-7.0.8.jar!/:7.0.8]
app-1  | 	at org.springframework.beans.factory.support.DefaultListableBeanFactory.resolveDependency(DefaultListableBeanFactory.java:1658) ~[spring-beans-7.0.8.jar!/:7.0.8]
app-1  | 	at org.springframework.beans.factory.support.ConstructorResolver.resolveAutowiredArgument(ConstructorResolver.java:912) ~[spring-beans-7.0.8.jar!/:7.0.8]
app-1  | 	at org.springframework.beans.factory.support.ConstructorResolver.createArgumentArray(ConstructorResolver.java:791) ~[spring-beans-7.0.8.jar!/:7.0.8]
app-1  | 	... 70 common frames omitted
app-1  | Caused by: java.lang.IllegalArgumentException: Invalid boolean value [demo-placeholder]
app-1  | 	at org.springframework.beans.propertyeditors.CustomBooleanEditor.setAsText(CustomBooleanEditor.java:153) ~[spring-beans-7.0.8.jar!/:7.0.8]
app-1  | 	at org.springframework.beans.TypeConverterDelegate.doConvertTextValue(TypeConverterDelegate.java:434) ~[spring-beans-7.0.8.jar!/:7.0.8]
app-1  | 	at org.springframework.beans.TypeConverterDelegate.doConvertValue(TypeConverterDelegate.java:407) ~[spring-beans-7.0.8.jar!/:7.0.8]
app-1  | 	at org.springframework.beans.TypeConverterDelegate.convertIfNecessary(TypeConverterDelegate.java:158) ~[spring-beans-7.0.8.jar!/:7.0.8]
app-1  | 	at org.springframework.beans.TypeConverterSupport.convertIfNecessary(TypeConverterSupport.java:75) ~[spring-beans-7.0.8.jar!/:7.0.8]
app-1  | 	... 75 common frames omitted
app-1  | 
app-1  | 
app-1  |   .   ____          _            __ _ _
app-1  |  /\\ / ___'_ __ _ _(_)_ __  __ _ \ \ \ \
app-1  | ( ( )\___ | '_ | '_| | '_ \/ _` | \ \ \ \
app-1  |  \\/  ___)| |_)| | | | | || (_| |  ) ) ) )
app-1  |   '  |____| .__|_| |_|_| |_\__, | / / / /
app-1  |  =========|_|==============|___/=/_/_/_/
app-1  | 
app-1  |  :: Spring Boot ::                (v4.1.0)
app-1  | 
app-1  | 2026-08-23T16:39:17.521Z  INFO 1 --- [absfitness] [           main] com.absfitness.AbsFitnessApplication     : Starting AbsFitnessApplication v0.0.1-SNAPSHOT using Java 17.0.19 with PID 1 (/app/app.jar started by app in /app)
app-1  | 2026-08-23T16:39:17.524Z  INFO 1 --- [absfitness] [           main] com.absfitness.AbsFitnessApplication     : No active profile set, falling back to 1 default profile: "default"
app-1  | 2026-08-23T16:39:17.968Z  INFO 1 --- [absfitness] [           main] .s.d.r.c.RepositoryConfigurationDelegate : Bootstrapping Spring Data JPA repositories in DEFAULT mode.
app-1  | 2026-08-23T16:39:17.995Z  INFO 1 --- [absfitness] [           main] .s.d.r.c.RepositoryConfigurationDelegate : Finished Spring Data repository scanning in 23 ms. Found 10 JPA repository interfaces.
app-1  | 2026-08-23T16:39:18.274Z  INFO 1 --- [absfitness] [           main] o.s.boot.tomcat.TomcatWebServer          : Tomcat initialized with port 8080 (http)
app-1  | 2026-08-23T16:39:18.280Z  INFO 1 --- [absfitness] [           main] o.apache.catalina.core.StandardService   : Starting service [Tomcat]
app-1  | 2026-08-23T16:39:18.280Z  INFO 1 --- [absfitness] [           main] o.apache.catalina.core.StandardEngine    : Starting Servlet engine: [Apache Tomcat/11.0.22]
app-1  | 2026-08-23T16:39:18.291Z  INFO 1 --- [absfitness] [           main] b.w.c.s.WebApplicationContextInitializer : Root WebApplicationContext: initialization completed in 733 ms
app-1  | 2026-08-23T16:39:18.427Z  INFO 1 --- [absfitness] [           main] org.hibernate.orm.jpa                    : HHH008540: Processing PersistenceUnitInfo [name: default]
app-1  | 2026-08-23T16:39:18.450Z  INFO 1 --- [absfitness] [           main] org.hibernate.orm.core                   : HHH000001: Hibernate ORM core version 7.4.1.Final
app-1  | 2026-08-23T16:39:18.643Z  INFO 1 --- [absfitness] [           main] o.s.o.j.p.SpringPersistenceUnitInfo      : No LoadTimeWeaver setup: ignoring JPA class transformer
app-1  | 2026-08-23T16:39:18.659Z  INFO 1 --- [absfitness] [           main] com.zaxxer.hikari.HikariDataSource       : HikariPool-1 - Starting...
app-1  | 2026-08-23T16:39:18.755Z  INFO 1 --- [absfitness] [           main] com.zaxxer.hikari.pool.HikariPool        : HikariPool-1 - Added connection org.postgresql.jdbc.PgConnection@361b3ca6
app-1  | 2026-08-23T16:39:18.756Z  INFO 1 --- [absfitness] [           main] com.zaxxer.hikari.HikariDataSource       : HikariPool-1 - Start completed.
app-1  | 2026-08-23T16:39:18.772Z  WARN 1 --- [absfitness] [           main] org.hibernate.orm.deprecation            : HHH90000025: PostgreSQLDialect does not need to be specified explicitly using 'hibernate.dialect' (remove the property setting and it will be selected by default)
app-1  | 2026-08-23T16:39:18.783Z  INFO 1 --- [absfitness] [           main] org.hibernate.orm.connections.pooling    : HHH10001005: Database info:
app-1  | 	Database JDBC URL [jdbc:postgresql://db:5432/absfitness]
app-1  | 	Database driver: PostgreSQL JDBC Driver
app-1  | 	Database dialect: PostgreSQLDialect
app-1  | 	Database version: 16.14
app-1  | 	Default catalog/schema: absfitness/public
app-1  | 	Autocommit mode: undefined/unknown
app-1  | 	Isolation level: READ_COMMITTED [default READ_COMMITTED]
app-1  | 	JDBC fetch size: none
app-1  | 	Pool: DataSourceConnectionProvider
app-1  | 	Minimum pool size: undefined/unknown
app-1  | 	Maximum pool size: undefined/unknown
app-1  | 2026-08-23T16:39:19.299Z  INFO 1 --- [absfitness] [           main] org.hibernate.orm.core                   : HHH000489: No JTA platform available (set 'hibernate.transaction.jta.platform' to enable JTA platform integration)
app-1  | 2026-08-23T16:39:19.332Z  INFO 1 --- [absfitness] [           main] j.LocalContainerEntityManagerFactoryBean : Initialized JPA EntityManagerFactory for persistence unit 'default'
app-1  | 2026-08-23T16:39:19.374Z  INFO 1 --- [absfitness] [           main] o.s.d.j.r.query.QueryEnhancerFactories   : Hibernate is in classpath; If applicable, HQL parser will be used.
app-1  | 2026-08-23T16:39:19.469Z  INFO 1 --- [absfitness] [           main] eAuthenticationProviderManagerConfigurer : Global AuthenticationManager configured with AuthenticationProvider bean with name authenticationProvider
app-1  | 2026-08-23T16:39:19.470Z  WARN 1 --- [absfitness] [           main] r$InitializeUserDetailsManagerConfigurer : Global AuthenticationManager configured with an AuthenticationProvider bean. UserDetailsService beans will not be used by Spring Security for automatically configuring username/password login. Consider removing the AuthenticationProvider bean. Alternatively, consider using the UserDetailsService in a manually instantiated DaoAuthenticationProvider. If the current configuration is intentional, to turn off this warning, increase the logging level of 'org.springframework.security.config.annotation.authentication.configuration.InitializeUserDetailsBeanManagerConfigurer' to ERROR
app-1  | 2026-08-23T16:39:19.742Z  WARN 1 --- [absfitness] [           main] ConfigServletWebServerApplicationContext : Exception encountered during context initialization - cancelling refresh attempt: org.springframework.beans.factory.UnsatisfiedDependencyException: Error creating bean with name 'galleryController' defined in URL [jar:nested:/app/app.jar/!BOOT-INF/classes/!/com/absfitness/controller/GalleryController.class]: Unsatisfied dependency expressed through constructor parameter 0: Error creating bean with name 'mediaAssetService' defined in URL [jar:nested:/app/app.jar/!BOOT-INF/classes/!/com/absfitness/service/MediaAssetService.class]: Unsatisfied dependency expressed through constructor parameter 1: Error creating bean with name 'minioStorageService' defined in URL [jar:nested:/app/app.jar/!BOOT-INF/classes/!/com/absfitness/storage/MinioStorageService.class]: Unsatisfied dependency expressed through constructor parameter 0: Error creating bean with name 's3Client' defined in class path resource [com/absfitness/config/S3Config.class]: Unsatisfied dependency expressed through method 's3Client' parameter 4: Failed to convert value of type 'java.lang.String' to required type 'boolean'; Invalid boolean value [demo-placeholder]
app-1  | 2026-08-23T16:39:19.743Z  INFO 1 --- [absfitness] [           main] j.LocalContainerEntityManagerFactoryBean : Closing JPA EntityManagerFactory for persistence unit 'default'
app-1  | 2026-08-23T16:39:19.744Z  INFO 1 --- [absfitness] [           main] com.zaxxer.hikari.HikariDataSource       : HikariPool-1 - Shutdown initiated...
app-1  | 2026-08-23T16:39:19.747Z  INFO 1 --- [absfitness] [           main] com.zaxxer.hikari.HikariDataSource       : HikariPool-1 - Shutdown completed.
app-1  | 2026-08-23T16:39:19.750Z  INFO 1 --- [absfitness] [           main] o.apache.catalina.core.StandardService   : Stopping service [Tomcat]
app-1  | 2026-08-23T16:39:19.756Z  INFO 1 --- [absfitness] [           main] .s.b.a.l.ConditionEvaluationReportLogger : 
app-1  | 
app-1  | Error starting ApplicationContext. To display the condition evaluation report re-run your application with 'debug' enabled.
app-1  | 2026-08-23T16:39:19.762Z ERROR 1 --- [absfitness] [           main] o.s.boot.SpringApplication               : Application run failed
app-1  | 
app-1  | org.springframework.beans.factory.UnsatisfiedDependencyException: Error creating bean with name 'galleryController' defined in URL [jar:nested:/app/app.jar/!BOOT-INF/classes/!/com/absfitness/controller/GalleryController.class]: Unsatisfied dependency expressed through constructor parameter 0: Error creating bean with name 'mediaAssetService' defined in URL [jar:nested:/app/app.jar/!BOOT-INF/classes/!/com/absfitness/service/MediaAssetService.class]: Unsatisfied dependency expressed through constructor parameter 1: Error creating bean with name 'minioStorageService' defined in URL [jar:nested:/app/app.jar/!BOOT-INF/classes/!/com/absfitness/storage/MinioStorageService.class]: Unsatisfied dependency expressed through constructor parameter 0: Error creating bean with name 's3Client' defined in class path resource [com/absfitness/config/S3Config.class]: Unsatisfied dependency expressed through method 's3Client' parameter 4: Failed to convert value of type 'java.lang.String' to required type 'boolean'; Invalid boolean value [demo-placeholder]
app-1  | 	at org.springframework.beans.factory.support.ConstructorResolver.createArgumentArray(ConstructorResolver.java:804) ~[spring-beans-7.0.8.jar!/:7.0.8]
app-1  | 	at org.springframework.beans.factory.support.ConstructorResolver.autowireConstructor(ConstructorResolver.java:240) ~[spring-beans-7.0.8.jar!/:7.0.8]
app-1  | 	at org.springframework.beans.factory.support.AbstractAutowireCapableBeanFactory.autowireConstructor(AbstractAutowireCapableBeanFactory.java:1380) ~[spring-beans-7.0.8.jar!/:7.0.8]
app-1  | 	at org.springframework.beans.factory.support.AbstractAutowireCapableBeanFactory.createBeanInstance(AbstractAutowireCapableBeanFactory.java:1219) ~[spring-beans-7.0.8.jar!/:7.0.8]
app-1  | 	at org.springframework.beans.factory.support.AbstractAutowireCapableBeanFactory.doCreateBean(AbstractAutowireCapableBeanFactory.java:565) ~[spring-beans-7.0.8.jar!/:7.0.8]
app-1  | 	at org.springframework.beans.factory.support.AbstractAutowireCapableBeanFactory.createBean(AbstractAutowireCapableBeanFactory.java:525) ~[spring-beans-7.0.8.jar!/:7.0.8]
app-1  | 	at org.springframework.beans.factory.support.AbstractBeanFactory.lambda$doGetBean$0(AbstractBeanFactory.java:333) ~[spring-beans-7.0.8.jar!/:7.0.8]
app-1  | 	at org.springframework.beans.factory.support.DefaultSingletonBeanRegistry.getSingleton(DefaultSingletonBeanRegistry.java:371) ~[spring-beans-7.0.8.jar!/:7.0.8]
app-1  | 	at org.springframework.beans.factory.support.AbstractBeanFactory.doGetBean(AbstractBeanFactory.java:331) ~[spring-beans-7.0.8.jar!/:7.0.8]
app-1  | 	at org.springframework.beans.factory.support.AbstractBeanFactory.getBean(AbstractBeanFactory.java:196) ~[spring-beans-7.0.8.jar!/:7.0.8]
app-1  | 	at org.springframework.beans.factory.support.DefaultListableBeanFactory.instantiateSingleton(DefaultListableBeanFactory.java:1225) ~[spring-beans-7.0.8.jar!/:7.0.8]
app-1  | 	at org.springframework.beans.factory.support.DefaultListableBeanFactory.preInstantiateSingleton(DefaultListableBeanFactory.java:1191) ~[spring-beans-7.0.8.jar!/:7.0.8]
app-1  | 	at org.springframework.beans.factory.support.DefaultListableBeanFactory.preInstantiateSingletons(DefaultListableBeanFactory.java:1121) ~[spring-beans-7.0.8.jar!/:7.0.8]
app-1  | 	at org.springframework.context.support.AbstractApplicationContext.finishBeanFactoryInitialization(AbstractApplicationContext.java:994) ~[spring-context-7.0.8.jar!/:7.0.8]
app-1  | 	at org.springframework.context.support.AbstractApplicationContext.refresh(AbstractApplicationContext.java:621) ~[spring-context-7.0.8.jar!/:7.0.8]
app-1  | 	at org.springframework.boot.web.server.servlet.context.ServletWebServerApplicationContext.refresh(ServletWebServerApplicationContext.java:143) ~[spring-boot-web-server-4.1.0.jar!/:4.1.0]
app-1  | 	at org.springframework.boot.SpringApplication.refresh(SpringApplication.java:756) ~[spring-boot-4.1.0.jar!/:4.1.0]
app-1  | 	at org.springframework.boot.SpringApplication.refreshContext(SpringApplication.java:445) ~[spring-boot-4.1.0.jar!/:4.1.0]
app-1  | 	at org.springframework.boot.SpringApplication.run(SpringApplication.java:321) ~[spring-boot-4.1.0.jar!/:4.1.0]
app-1  | 	at org.springframework.boot.SpringApplication.run(SpringApplication.java:1365) ~[spring-boot-4.1.0.jar!/:4.1.0]
app-1  | 	at org.springframework.boot.SpringApplication.run(SpringApplication.java:1354) ~[spring-boot-4.1.0.jar!/:4.1.0]
app-1  | 	at com.absfitness.AbsFitnessApplication.main(AbsFitnessApplication.java:9) ~[!/:0.0.1-SNAPSHOT]
app-1  | 	at java.base/jdk.internal.reflect.NativeMethodAccessorImpl.invoke0(Native Method) ~[na:na]
app-1  | 	at java.base/jdk.internal.reflect.NativeMethodAccessorImpl.invoke(Unknown Source) ~[na:na]
app-1  | 	at java.base/jdk.internal.reflect.DelegatingMethodAccessorImpl.invoke(Unknown Source) ~[na:na]
app-1  | 	at java.base/java.lang.reflect.Method.invoke(Unknown Source) ~[na:na]
app-1  | 	at org.springframework.boot.loader.launch.Launcher.launch(Launcher.java:106) ~[app.jar:0.0.1-SNAPSHOT]
app-1  | 	at org.springframework.boot.loader.launch.Launcher.launch(Launcher.java:64) ~[app.jar:0.0.1-SNAPSHOT]
app-1  | 	at org.springframework.boot.loader.launch.JarLauncher.main(JarLauncher.java:40) ~[app.jar:0.0.1-SNAPSHOT]
app-1  | Caused by: org.springframework.beans.factory.UnsatisfiedDependencyException: Error creating bean with name 'mediaAssetService' defined in URL [jar:nested:/app/app.jar/!BOOT-INF/classes/!/com/absfitness/service/MediaAssetService.class]: Unsatisfied dependency expressed through constructor parameter 1: Error creating bean with name 'minioStorageService' defined in URL [jar:nested:/app/app.jar/!BOOT-INF/classes/!/com/absfitness/storage/MinioStorageService.class]: Unsatisfied dependency expressed through constructor parameter 0: Error creating bean with name 's3Client' defined in class path resource [com/absfitness/config/S3Config.class]: Unsatisfied dependency expressed through method 's3Client' parameter 4: Failed to convert value of type 'java.lang.String' to required type 'boolean'; Invalid boolean value [demo-placeholder]
app-1  | 	at org.springframework.beans.factory.support.ConstructorResolver.createArgumentArray(ConstructorResolver.java:804) ~[spring-beans-7.0.8.jar!/:7.0.8]
app-1  | 	at org.springframework.beans.factory.support.ConstructorResolver.autowireConstructor(ConstructorResolver.java:240) ~[spring-beans-7.0.8.jar!/:7.0.8]
app-1  | 	at org.springframework.beans.factory.support.AbstractAutowireCapableBeanFactory.autowireConstructor(AbstractAutowireCapableBeanFactory.java:1380) ~[spring-beans-7.0.8.jar!/:7.0.8]
app-1  | 	at org.springframework.beans.factory.support.AbstractAutowireCapableBeanFactory.createBeanInstance(AbstractAutowireCapableBeanFactory.java:1219) ~[spring-beans-7.0.8.jar!/:7.0.8]
app-1  | 	at org.springframework.beans.factory.support.AbstractAutowireCapableBeanFactory.doCreateBean(AbstractAutowireCapableBeanFactory.java:565) ~[spring-beans-7.0.8.jar!/:7.0.8]
app-1  | 	at org.springframework.beans.factory.support.AbstractAutowireCapableBeanFactory.createBean(AbstractAutowireCapableBeanFactory.java:525) ~[spring-beans-7.0.8.jar!/:7.0.8]
app-1  | 	at org.springframework.beans.factory.support.AbstractBeanFactory.lambda$doGetBean$0(AbstractBeanFactory.java:333) ~[spring-beans-7.0.8.jar!/:7.0.8]
app-1  | 	at org.springframework.beans.factory.support.DefaultSingletonBeanRegistry.getSingleton(DefaultSingletonBeanRegistry.java:371) ~[spring-beans-7.0.8.jar!/:7.0.8]
app-1  | 	at org.springframework.beans.factory.support.AbstractBeanFactory.doGetBean(AbstractBeanFactory.java:331) ~[spring-beans-7.0.8.jar!/:7.0.8]
app-1  | 	at org.springframework.beans.factory.support.AbstractBeanFactory.getBean(AbstractBeanFactory.java:201) ~[spring-beans-7.0.8.jar!/:7.0.8]
app-1  | 	at org.springframework.beans.factory.support.DefaultListableBeanFactory.resolveBean(DefaultListableBeanFactory.java:1232) ~[spring-beans-7.0.8.jar!/:7.0.8]
app-1  | 	at org.springframework.beans.factory.support.DefaultListableBeanFactory.doResolveDependency(DefaultListableBeanFactory.java:1711) ~[spring-beans-7.0.8.jar!/:7.0.8]
app-1  | 	at org.springframework.beans.factory.support.DefaultListableBeanFactory.resolveDependency(DefaultListableBeanFactory.java:1658) ~[spring-beans-7.0.8.jar!/:7.0.8]
app-1  | 	at org.springframework.beans.factory.support.ConstructorResolver.resolveAutowiredArgument(ConstructorResolver.java:912) ~[spring-beans-7.0.8.jar!/:7.0.8]
app-1  | 	at org.springframework.beans.factory.support.ConstructorResolver.createArgumentArray(ConstructorResolver.java:791) ~[spring-beans-7.0.8.jar!/:7.0.8]
app-1  | 	... 28 common frames omitted
app-1  | Caused by: org.springframework.beans.factory.UnsatisfiedDependencyException: Error creating bean with name 'minioStorageService' defined in URL [jar:nested:/app/app.jar/!BOOT-INF/classes/!/com/absfitness/storage/MinioStorageService.class]: Unsatisfied dependency expressed through constructor parameter 0: Error creating bean with name 's3Client' defined in class path resource [com/absfitness/config/S3Config.class]: Unsatisfied dependency expressed through method 's3Client' parameter 4: Failed to convert value of type 'java.lang.String' to required type 'boolean'; Invalid boolean value [demo-placeholder]
app-1  | 	at org.springframework.beans.factory.support.ConstructorResolver.createArgumentArray(ConstructorResolver.java:804) ~[spring-beans-7.0.8.jar!/:7.0.8]
app-1  | 	at org.springframework.beans.factory.support.ConstructorResolver.autowireConstructor(ConstructorResolver.java:240) ~[spring-beans-7.0.8.jar!/:7.0.8]
app-1  | 	at org.springframework.beans.factory.support.AbstractAutowireCapableBeanFactory.autowireConstructor(AbstractAutowireCapableBeanFactory.java:1380) ~[spring-beans-7.0.8.jar!/:7.0.8]
app-1  | 	at org.springframework.beans.factory.support.AbstractAutowireCapableBeanFactory.createBeanInstance(AbstractAutowireCapableBeanFactory.java:1219) ~[spring-beans-7.0.8.jar!/:7.0.8]
app-1  | 	at org.springframework.beans.factory.support.AbstractAutowireCapableBeanFactory.doCreateBean(AbstractAutowireCapableBeanFactory.java:565) ~[spring-beans-7.0.8.jar!/:7.0.8]
app-1  | 	at org.springframework.beans.factory.support.AbstractAutowireCapableBeanFactory.createBean(AbstractAutowireCapableBeanFactory.java:525) ~[spring-beans-7.0.8.jar!/:7.0.8]
app-1  | 	at org.springframework.beans.factory.support.AbstractBeanFactory.lambda$doGetBean$0(AbstractBeanFactory.java:333) ~[spring-beans-7.0.8.jar!/:7.0.8]
app-1  | 	at org.springframework.beans.factory.support.DefaultSingletonBeanRegistry.getSingleton(DefaultSingletonBeanRegistry.java:371) ~[spring-beans-7.0.8.jar!/:7.0.8]
app-1  | 	at org.springframework.beans.factory.support.AbstractBeanFactory.doGetBean(AbstractBeanFactory.java:331) ~[spring-beans-7.0.8.jar!/:7.0.8]
app-1  | 	at org.springframework.beans.factory.support.AbstractBeanFactory.getBean(AbstractBeanFactory.java:201) ~[spring-beans-7.0.8.jar!/:7.0.8]
app-1  | 	at org.springframework.beans.factory.config.DependencyDescriptor.resolveCandidate(DependencyDescriptor.java:229) ~[spring-beans-7.0.8.jar!/:7.0.8]
app-1  | 	at org.springframework.beans.factory.support.DefaultListableBeanFactory.doResolveDependency(DefaultListableBeanFactory.java:1769) ~[spring-beans-7.0.8.jar!/:7.0.8]
app-1  | 	at org.springframework.beans.factory.support.DefaultListableBeanFactory.resolveDependency(DefaultListableBeanFactory.java:1658) ~[spring-beans-7.0.8.jar!/:7.0.8]
app-1  | 	at org.springframework.beans.factory.support.ConstructorResolver.resolveAutowiredArgument(ConstructorResolver.java:912) ~[spring-beans-7.0.8.jar!/:7.0.8]
app-1  | 	at org.springframework.beans.factory.support.ConstructorResolver.createArgumentArray(ConstructorResolver.java:791) ~[spring-beans-7.0.8.jar!/:7.0.8]
app-1  | 	... 42 common frames omitted
app-1  | Caused by: org.springframework.beans.factory.UnsatisfiedDependencyException: Error creating bean with name 's3Client' defined in class path resource [com/absfitness/config/S3Config.class]: Unsatisfied dependency expressed through method 's3Client' parameter 4: Failed to convert value of type 'java.lang.String' to required type 'boolean'; Invalid boolean value [demo-placeholder]
app-1  | 	at org.springframework.beans.factory.support.ConstructorResolver.createArgumentArray(ConstructorResolver.java:804) ~[spring-beans-7.0.8.jar!/:7.0.8]
app-1  | 	at org.springframework.beans.factory.support.ConstructorResolver.instantiateUsingFactoryMethod(ConstructorResolver.java:546) ~[spring-beans-7.0.8.jar!/:7.0.8]
app-1  | 	at org.springframework.beans.factory.support.AbstractAutowireCapableBeanFactory.instantiateUsingFactoryMethod(AbstractAutowireCapableBeanFactory.java:1360) ~[spring-beans-7.0.8.jar!/:7.0.8]
app-1  | 	at org.springframework.beans.factory.support.AbstractAutowireCapableBeanFactory.createBeanInstance(AbstractAutowireCapableBeanFactory.java:1192) ~[spring-beans-7.0.8.jar!/:7.0.8]
app-1  | 	at org.springframework.beans.factory.support.AbstractAutowireCapableBeanFactory.doCreateBean(AbstractAutowireCapableBeanFactory.java:565) ~[spring-beans-7.0.8.jar!/:7.0.8]
app-1  | 	at org.springframework.beans.factory.support.AbstractAutowireCapableBeanFactory.createBean(AbstractAutowireCapableBeanFactory.java:525) ~[spring-beans-7.0.8.jar!/:7.0.8]
app-1  | 	at org.springframework.beans.factory.support.AbstractBeanFactory.lambda$doGetBean$0(AbstractBeanFactory.java:333) ~[spring-beans-7.0.8.jar!/:7.0.8]
app-1  | 	at org.springframework.beans.factory.support.DefaultSingletonBeanRegistry.getSingleton(DefaultSingletonBeanRegistry.java:371) ~[spring-beans-7.0.8.jar!/:7.0.8]
app-1  | 	at org.springframework.beans.factory.support.AbstractBeanFactory.doGetBean(AbstractBeanFactory.java:331) ~[spring-beans-7.0.8.jar!/:7.0.8]
app-1  | 	at org.springframework.beans.factory.support.AbstractBeanFactory.getBean(AbstractBeanFactory.java:201) ~[spring-beans-7.0.8.jar!/:7.0.8]
app-1  | 	at org.springframework.beans.factory.config.DependencyDescriptor.resolveCandidate(DependencyDescriptor.java:229) ~[spring-beans-7.0.8.jar!/:7.0.8]
app-1  | 	at org.springframework.beans.factory.support.DefaultListableBeanFactory.doResolveDependency(DefaultListableBeanFactory.java:1769) ~[spring-beans-7.0.8.jar!/:7.0.8]
app-1  | 	at org.springframework.beans.factory.support.DefaultListableBeanFactory.resolveDependency(DefaultListableBeanFactory.java:1658) ~[spring-beans-7.0.8.jar!/:7.0.8]
app-1  | 	at org.springframework.beans.factory.support.ConstructorResolver.resolveAutowiredArgument(ConstructorResolver.java:912) ~[spring-beans-7.0.8.jar!/:7.0.8]
app-1  | 	at org.springframework.beans.factory.support.ConstructorResolver.createArgumentArray(ConstructorResolver.java:791) ~[spring-beans-7.0.8.jar!/:7.0.8]
app-1  | 	... 56 common frames omitted
app-1  | Caused by: org.springframework.beans.TypeMismatchException: Failed to convert value of type 'java.lang.String' to required type 'boolean'; Invalid boolean value [demo-placeholder]
app-1  | 	at org.springframework.beans.TypeConverterSupport.convertIfNecessary(TypeConverterSupport.java:82) ~[spring-beans-7.0.8.jar!/:7.0.8]
app-1  | 	at org.springframework.beans.TypeConverterSupport.convertIfNecessary(TypeConverterSupport.java:67) ~[spring-beans-7.0.8.jar!/:7.0.8]
app-1  | 	at org.springframework.beans.factory.support.DefaultListableBeanFactory.doResolveDependency(DefaultListableBeanFactory.java:1686) ~[spring-beans-7.0.8.jar!/:7.0.8]
app-1  | 	at org.springframework.beans.factory.support.DefaultListableBeanFactory.resolveDependency(DefaultListableBeanFactory.java:1658) ~[spring-beans-7.0.8.jar!/:7.0.8]
app-1  | 	at org.springframework.beans.factory.support.ConstructorResolver.resolveAutowiredArgument(ConstructorResolver.java:912) ~[spring-beans-7.0.8.jar!/:7.0.8]
app-1  | 	at org.springframework.beans.factory.support.ConstructorResolver.createArgumentArray(ConstructorResolver.java:791) ~[spring-beans-7.0.8.jar!/:7.0.8]
app-1  | 	... 70 common frames omitted
app-1  | Caused by: java.lang.IllegalArgumentException: Invalid boolean value [demo-placeholder]
app-1  | 	at org.springframework.beans.propertyeditors.CustomBooleanEditor.setAsText(CustomBooleanEditor.java:153) ~[spring-beans-7.0.8.jar!/:7.0.8]
app-1  | 	at org.springframework.beans.TypeConverterDelegate.doConvertTextValue(TypeConverterDelegate.java:434) ~[spring-beans-7.0.8.jar!/:7.0.8]
app-1  | 	at org.springframework.beans.TypeConverterDelegate.doConvertValue(TypeConverterDelegate.java:407) ~[spring-beans-7.0.8.jar!/:7.0.8]
app-1  | 	at org.springframework.beans.TypeConverterDelegate.convertIfNecessary(TypeConverterDelegate.java:158) ~[spring-beans-7.0.8.jar!/:7.0.8]
app-1  | 	at org.springframework.beans.TypeConverterSupport.convertIfNecessary(TypeConverterSupport.java:75) ~[spring-beans-7.0.8.jar!/:7.0.8]
app-1  | 	... 75 common frames omitted
app-1  | 
app-1  | 
app-1  |   .   ____          _            __ _ _
app-1  |  /\\ / ___'_ __ _ _(_)_ __  __ _ \ \ \ \
app-1  | ( ( )\___ | '_ | '_| | '_ \/ _` | \ \ \ \
app-1  |  \\/  ___)| |_)| | | | | || (_| |  ) ) ) )
app-1  |   '  |____| .__|_| |_|_| |_\__, | / / / /
app-1  |  =========|_|==============|___/=/_/_/_/
app-1  | 
app-1  |  :: Spring Boot ::                (v4.1.0)
app-1  | 
app-1  | 2026-08-23T16:39:20.700Z  INFO 1 --- [absfitness] [           main] com.absfitness.AbsFitnessApplication     : Starting AbsFitnessApplication v0.0.1-SNAPSHOT using Java 17.0.19 with PID 1 (/app/app.jar started by app in /app)
app-1  | 2026-08-23T16:39:20.701Z  INFO 1 --- [absfitness] [           main] com.absfitness.AbsFitnessApplication     : No active profile set, falling back to 1 default profile: "default"
app-1  | 2026-08-23T16:39:21.153Z  INFO 1 --- [absfitness] [           main] .s.d.r.c.RepositoryConfigurationDelegate : Bootstrapping Spring Data JPA repositories in DEFAULT mode.
app-1  | 2026-08-23T16:39:21.182Z  INFO 1 --- [absfitness] [           main] .s.d.r.c.RepositoryConfigurationDelegate : Finished Spring Data repository scanning in 24 ms. Found 10 JPA repository interfaces.
app-1  | 2026-08-23T16:39:21.487Z  INFO 1 --- [absfitness] [           main] o.s.boot.tomcat.TomcatWebServer          : Tomcat initialized with port 8080 (http)
app-1  | 2026-08-23T16:39:21.515Z  INFO 1 --- [absfitness] [           main] o.apache.catalina.core.StandardService   : Starting service [Tomcat]
app-1  | 2026-08-23T16:39:21.515Z  INFO 1 --- [absfitness] [           main] o.apache.catalina.core.StandardEngine    : Starting Servlet engine: [Apache Tomcat/11.0.22]
app-1  | 2026-08-23T16:39:21.531Z  INFO 1 --- [absfitness] [           main] b.w.c.s.WebApplicationContextInitializer : Root WebApplicationContext: initialization completed in 809 ms
app-1  | 2026-08-23T16:39:21.672Z  INFO 1 --- [absfitness] [           main] org.hibernate.orm.jpa                    : HHH008540: Processing PersistenceUnitInfo [name: default]
app-1  | 2026-08-23T16:39:21.700Z  INFO 1 --- [absfitness] [           main] org.hibernate.orm.core                   : HHH000001: Hibernate ORM core version 7.4.1.Final
app-1  | 2026-08-23T16:39:21.898Z  INFO 1 --- [absfitness] [           main] o.s.o.j.p.SpringPersistenceUnitInfo      : No LoadTimeWeaver setup: ignoring JPA class transformer
app-1  | 2026-08-23T16:39:21.913Z  INFO 1 --- [absfitness] [           main] com.zaxxer.hikari.HikariDataSource       : HikariPool-1 - Starting...
app-1  | 2026-08-23T16:39:22.009Z  INFO 1 --- [absfitness] [           main] com.zaxxer.hikari.pool.HikariPool        : HikariPool-1 - Added connection org.postgresql.jdbc.PgConnection@575c23f1
app-1  | 2026-08-23T16:39:22.010Z  INFO 1 --- [absfitness] [           main] com.zaxxer.hikari.HikariDataSource       : HikariPool-1 - Start completed.
app-1  | 2026-08-23T16:39:22.026Z  WARN 1 --- [absfitness] [           main] org.hibernate.orm.deprecation            : HHH90000025: PostgreSQLDialect does not need to be specified explicitly using 'hibernate.dialect' (remove the property setting and it will be selected by default)
app-1  | 2026-08-23T16:39:22.038Z  INFO 1 --- [absfitness] [           main] org.hibernate.orm.connections.pooling    : HHH10001005: Database info:
app-1  | 	Database JDBC URL [jdbc:postgresql://db:5432/absfitness]
app-1  | 	Database driver: PostgreSQL JDBC Driver
app-1  | 	Database dialect: PostgreSQLDialect
app-1  | 	Database version: 16.14
app-1  | 	Default catalog/schema: absfitness/public
app-1  | 	Autocommit mode: undefined/unknown
app-1  | 	Isolation level: READ_COMMITTED [default READ_COMMITTED]
app-1  | 	JDBC fetch size: none
app-1  | 	Pool: DataSourceConnectionProvider
app-1  | 	Minimum pool size: undefined/unknown
app-1  | 	Maximum pool size: undefined/unknown
app-1  | 2026-08-23T16:39:22.540Z  INFO 1 --- [absfitness] [           main] org.hibernate.orm.core                   : HHH000489: No JTA platform available (set 'hibernate.transaction.jta.platform' to enable JTA platform integration)
app-1  | 2026-08-23T16:39:22.572Z  INFO 1 --- [absfitness] [           main] j.LocalContainerEntityManagerFactoryBean : Initialized JPA EntityManagerFactory for persistence unit 'default'
app-1  | 2026-08-23T16:39:22.605Z  INFO 1 --- [absfitness] [           main] o.s.d.j.r.query.QueryEnhancerFactories   : Hibernate is in classpath; If applicable, HQL parser will be used.
app-1  | 2026-08-23T16:39:22.698Z  INFO 1 --- [absfitness] [           main] eAuthenticationProviderManagerConfigurer : Global AuthenticationManager configured with AuthenticationProvider bean with name authenticationProvider
app-1  | 2026-08-23T16:39:22.698Z  WARN 1 --- [absfitness] [           main] r$InitializeUserDetailsManagerConfigurer : Global AuthenticationManager configured with an AuthenticationProvider bean. UserDetailsService beans will not be used by Spring Security for automatically configuring username/password login. Consider removing the AuthenticationProvider bean. Alternatively, consider using the UserDetailsService in a manually instantiated DaoAuthenticationProvider. If the current configuration is intentional, to turn off this warning, increase the logging level of 'org.springframework.security.config.annotation.authentication.configuration.InitializeUserDetailsBeanManagerConfigurer' to ERROR
app-1  | 2026-08-23T16:39:22.972Z  WARN 1 --- [absfitness] [           main] ConfigServletWebServerApplicationContext : Exception encountered during context initialization - cancelling refresh attempt: org.springframework.beans.factory.UnsatisfiedDependencyException: Error creating bean with name 'galleryController' defined in URL [jar:nested:/app/app.jar/!BOOT-INF/classes/!/com/absfitness/controller/GalleryController.class]: Unsatisfied dependency expressed through constructor parameter 0: Error creating bean with name 'mediaAssetService' defined in URL [jar:nested:/app/app.jar/!BOOT-INF/classes/!/com/absfitness/service/MediaAssetService.class]: Unsatisfied dependency expressed through constructor parameter 1: Error creating bean with name 'minioStorageService' defined in URL [jar:nested:/app/app.jar/!BOOT-INF/classes/!/com/absfitness/storage/MinioStorageService.class]: Unsatisfied dependency expressed through constructor parameter 0: Error creating bean with name 's3Client' defined in class path resource [com/absfitness/config/S3Config.class]: Unsatisfied dependency expressed through method 's3Client' parameter 4: Failed to convert value of type 'java.lang.String' to required type 'boolean'; Invalid boolean value [demo-placeholder]
app-1  | 2026-08-23T16:39:22.973Z  INFO 1 --- [absfitness] [           main] j.LocalContainerEntityManagerFactoryBean : Closing JPA EntityManagerFactory for persistence unit 'default'
app-1  | 2026-08-23T16:39:22.974Z  INFO 1 --- [absfitness] [           main] com.zaxxer.hikari.HikariDataSource       : HikariPool-1 - Shutdown initiated...
app-1  | 2026-08-23T16:39:22.977Z  INFO 1 --- [absfitness] [           main] com.zaxxer.hikari.HikariDataSource       : HikariPool-1 - Shutdown completed.
app-1  | 2026-08-23T16:39:22.979Z  INFO 1 --- [absfitness] [           main] o.apache.catalina.core.StandardService   : Stopping service [Tomcat]
app-1  | 2026-08-23T16:39:22.987Z  INFO 1 --- [absfitness] [           main] .s.b.a.l.ConditionEvaluationReportLogger : 
app-1  | 
app-1  | Error starting ApplicationContext. To display the condition evaluation report re-run your application with 'debug' enabled.
app-1  | 2026-08-23T16:39:22.999Z ERROR 1 --- [absfitness] [           main] o.s.boot.SpringApplication               : Application run failed
app-1  | 
app-1  | org.springframework.beans.factory.UnsatisfiedDependencyException: Error creating bean with name 'galleryController' defined in URL [jar:nested:/app/app.jar/!BOOT-INF/classes/!/com/absfitness/controller/GalleryController.class]: Unsatisfied dependency expressed through constructor parameter 0: Error creating bean with name 'mediaAssetService' defined in URL [jar:nested:/app/app.jar/!BOOT-INF/classes/!/com/absfitness/service/MediaAssetService.class]: Unsatisfied dependency expressed through constructor parameter 1: Error creating bean with name 'minioStorageService' defined in URL [jar:nested:/app/app.jar/!BOOT-INF/classes/!/com/absfitness/storage/MinioStorageService.class]: Unsatisfied dependency expressed through constructor parameter 0: Error creating bean with name 's3Client' defined in class path resource [com/absfitness/config/S3Config.class]: Unsatisfied dependency expressed through method 's3Client' parameter 4: Failed to convert value of type 'java.lang.String' to required type 'boolean'; Invalid boolean value [demo-placeholder]
app-1  | 	at org.springframework.beans.factory.support.ConstructorResolver.createArgumentArray(ConstructorResolver.java:804) ~[spring-beans-7.0.8.jar!/:7.0.8]
app-1  | 	at org.springframework.beans.factory.support.ConstructorResolver.autowireConstructor(ConstructorResolver.java:240) ~[spring-beans-7.0.8.jar!/:7.0.8]
app-1  | 	at org.springframework.beans.factory.support.AbstractAutowireCapableBeanFactory.autowireConstructor(AbstractAutowireCapableBeanFactory.java:1380) ~[spring-beans-7.0.8.jar!/:7.0.8]
app-1  | 	at org.springframework.beans.factory.support.AbstractAutowireCapableBeanFactory.createBeanInstance(AbstractAutowireCapableBeanFactory.java:1219) ~[spring-beans-7.0.8.jar!/:7.0.8]
app-1  | 	at org.springframework.beans.factory.support.AbstractAutowireCapableBeanFactory.doCreateBean(AbstractAutowireCapableBeanFactory.java:565) ~[spring-beans-7.0.8.jar!/:7.0.8]
app-1  | 	at org.springframework.beans.factory.support.AbstractAutowireCapableBeanFactory.createBean(AbstractAutowireCapableBeanFactory.java:525) ~[spring-beans-7.0.8.jar!/:7.0.8]
app-1  | 	at org.springframework.beans.factory.support.AbstractBeanFactory.lambda$doGetBean$0(AbstractBeanFactory.java:333) ~[spring-beans-7.0.8.jar!/:7.0.8]
app-1  | 	at org.springframework.beans.factory.support.DefaultSingletonBeanRegistry.getSingleton(DefaultSingletonBeanRegistry.java:371) ~[spring-beans-7.0.8.jar!/:7.0.8]
app-1  | 	at org.springframework.beans.factory.support.AbstractBeanFactory.doGetBean(AbstractBeanFactory.java:331) ~[spring-beans-7.0.8.jar!/:7.0.8]
app-1  | 	at org.springframework.beans.factory.support.AbstractBeanFactory.getBean(AbstractBeanFactory.java:196) ~[spring-beans-7.0.8.jar!/:7.0.8]
app-1  | 	at org.springframework.beans.factory.support.DefaultListableBeanFactory.instantiateSingleton(DefaultListableBeanFactory.java:1225) ~[spring-beans-7.0.8.jar!/:7.0.8]
app-1  | 	at org.springframework.beans.factory.support.DefaultListableBeanFactory.preInstantiateSingleton(DefaultListableBeanFactory.java:1191) ~[spring-beans-7.0.8.jar!/:7.0.8]
app-1  | 	at org.springframework.beans.factory.support.DefaultListableBeanFactory.preInstantiateSingletons(DefaultListableBeanFactory.java:1121) ~[spring-beans-7.0.8.jar!/:7.0.8]
app-1  | 	at org.springframework.context.support.AbstractApplicationContext.finishBeanFactoryInitialization(AbstractApplicationContext.java:994) ~[spring-context-7.0.8.jar!/:7.0.8]
app-1  | 	at org.springframework.context.support.AbstractApplicationContext.refresh(AbstractApplicationContext.java:621) ~[spring-context-7.0.8.jar!/:7.0.8]
app-1  | 	at org.springframework.boot.web.server.servlet.context.ServletWebServerApplicationContext.refresh(ServletWebServerApplicationContext.java:143) ~[spring-boot-web-server-4.1.0.jar!/:4.1.0]
app-1  | 	at org.springframework.boot.SpringApplication.refresh(SpringApplication.java:756) ~[spring-boot-4.1.0.jar!/:4.1.0]
app-1  | 	at org.springframework.boot.SpringApplication.refreshContext(SpringApplication.java:445) ~[spring-boot-4.1.0.jar!/:4.1.0]
app-1  | 	at org.springframework.boot.SpringApplication.run(SpringApplication.java:321) ~[spring-boot-4.1.0.jar!/:4.1.0]
app-1  | 	at org.springframework.boot.SpringApplication.run(SpringApplication.java:1365) ~[spring-boot-4.1.0.jar!/:4.1.0]
app-1  | 	at org.springframework.boot.SpringApplication.run(SpringApplication.java:1354) ~[spring-boot-4.1.0.jar!/:4.1.0]
app-1  | 	at com.absfitness.AbsFitnessApplication.main(AbsFitnessApplication.java:9) ~[!/:0.0.1-SNAPSHOT]
app-1  | 	at java.base/jdk.internal.reflect.NativeMethodAccessorImpl.invoke0(Native Method) ~[na:na]
app-1  | 	at java.base/jdk.internal.reflect.NativeMethodAccessorImpl.invoke(Unknown Source) ~[na:na]
app-1  | 	at java.base/jdk.internal.reflect.DelegatingMethodAccessorImpl.invoke(Unknown Source) ~[na:na]
app-1  | 	at java.base/java.lang.reflect.Method.invoke(Unknown Source) ~[na:na]
app-1  | 	at org.springframework.boot.loader.launch.Launcher.launch(Launcher.java:106) ~[app.jar:0.0.1-SNAPSHOT]
app-1  | 	at org.springframework.boot.loader.launch.Launcher.launch(Launcher.java:64) ~[app.jar:0.0.1-SNAPSHOT]
app-1  | 	at org.springframework.boot.loader.launch.JarLauncher.main(JarLauncher.java:40) ~[app.jar:0.0.1-SNAPSHOT]
app-1  | Caused by: org.springframework.beans.factory.UnsatisfiedDependencyException: Error creating bean with name 'mediaAssetService' defined in URL [jar:nested:/app/app.jar/!BOOT-INF/classes/!/com/absfitness/service/MediaAssetService.class]: Unsatisfied dependency expressed through constructor parameter 1: Error creating bean with name 'minioStorageService' defined in URL [jar:nested:/app/app.jar/!BOOT-INF/classes/!/com/absfitness/storage/MinioStorageService.class]: Unsatisfied dependency expressed through constructor parameter 0: Error creating bean with name 's3Client' defined in class path resource [com/absfitness/config/S3Config.class]: Unsatisfied dependency expressed through method 's3Client' parameter 4: Failed to convert value of type 'java.lang.String' to required type 'boolean'; Invalid boolean value [demo-placeholder]
app-1  | 	at org.springframework.beans.factory.support.ConstructorResolver.createArgumentArray(ConstructorResolver.java:804) ~[spring-beans-7.0.8.jar!/:7.0.8]
app-1  | 	at org.springframework.beans.factory.support.ConstructorResolver.autowireConstructor(ConstructorResolver.java:240) ~[spring-beans-7.0.8.jar!/:7.0.8]
app-1  | 	at org.springframework.beans.factory.support.AbstractAutowireCapableBeanFactory.autowireConstructor(AbstractAutowireCapableBeanFactory.java:1380) ~[spring-beans-7.0.8.jar!/:7.0.8]
app-1  | 	at org.springframework.beans.factory.support.AbstractAutowireCapableBeanFactory.createBeanInstance(AbstractAutowireCapableBeanFactory.java:1219) ~[spring-beans-7.0.8.jar!/:7.0.8]
app-1  | 	at org.springframework.beans.factory.support.AbstractAutowireCapableBeanFactory.doCreateBean(AbstractAutowireCapableBeanFactory.java:565) ~[spring-beans-7.0.8.jar!/:7.0.8]
app-1  | 	at org.springframework.beans.factory.support.AbstractAutowireCapableBeanFactory.createBean(AbstractAutowireCapableBeanFactory.java:525) ~[spring-beans-7.0.8.jar!/:7.0.8]
app-1  | 	at org.springframework.beans.factory.support.AbstractBeanFactory.lambda$doGetBean$0(AbstractBeanFactory.java:333) ~[spring-beans-7.0.8.jar!/:7.0.8]
app-1  | 	at org.springframework.beans.factory.support.DefaultSingletonBeanRegistry.getSingleton(DefaultSingletonBeanRegistry.java:371) ~[spring-beans-7.0.8.jar!/:7.0.8]
app-1  | 	at org.springframework.beans.factory.support.AbstractBeanFactory.doGetBean(AbstractBeanFactory.java:331) ~[spring-beans-7.0.8.jar!/:7.0.8]
app-1  | 	at org.springframework.beans.factory.support.AbstractBeanFactory.getBean(AbstractBeanFactory.java:201) ~[spring-beans-7.0.8.jar!/:7.0.8]
app-1  | 	at org.springframework.beans.factory.support.DefaultListableBeanFactory.resolveBean(DefaultListableBeanFactory.java:1232) ~[spring-beans-7.0.8.jar!/:7.0.8]
app-1  | 	at org.springframework.beans.factory.support.DefaultListableBeanFactory.doResolveDependency(DefaultListableBeanFactory.java:1711) ~[spring-beans-7.0.8.jar!/:7.0.8]
app-1  | 	at org.springframework.beans.factory.support.DefaultListableBeanFactory.resolveDependency(DefaultListableBeanFactory.java:1658) ~[spring-beans-7.0.8.jar!/:7.0.8]
app-1  | 	at org.springframework.beans.factory.support.ConstructorResolver.resolveAutowiredArgument(ConstructorResolver.java:912) ~[spring-beans-7.0.8.jar!/:7.0.8]
app-1  | 	at org.springframework.beans.factory.support.ConstructorResolver.createArgumentArray(ConstructorResolver.java:791) ~[spring-beans-7.0.8.jar!/:7.0.8]
app-1  | 	... 28 common frames omitted
app-1  | Caused by: org.springframework.beans.factory.UnsatisfiedDependencyException: Error creating bean with name 'minioStorageService' defined in URL [jar:nested:/app/app.jar/!BOOT-INF/classes/!/com/absfitness/storage/MinioStorageService.class]: Unsatisfied dependency expressed through constructor parameter 0: Error creating bean with name 's3Client' defined in class path resource [com/absfitness/config/S3Config.class]: Unsatisfied dependency expressed through method 's3Client' parameter 4: Failed to convert value of type 'java.lang.String' to required type 'boolean'; Invalid boolean value [demo-placeholder]
app-1  | 	at org.springframework.beans.factory.support.ConstructorResolver.createArgumentArray(ConstructorResolver.java:804) ~[spring-beans-7.0.8.jar!/:7.0.8]
app-1  | 	at org.springframework.beans.factory.support.ConstructorResolver.autowireConstructor(ConstructorResolver.java:240) ~[spring-beans-7.0.8.jar!/:7.0.8]
app-1  | 	at org.springframework.beans.factory.support.AbstractAutowireCapableBeanFactory.autowireConstructor(AbstractAutowireCapableBeanFactory.java:1380) ~[spring-beans-7.0.8.jar!/:7.0.8]
app-1  | 	at org.springframework.beans.factory.support.AbstractAutowireCapableBeanFactory.createBeanInstance(AbstractAutowireCapableBeanFactory.java:1219) ~[spring-beans-7.0.8.jar!/:7.0.8]
app-1  | 	at org.springframework.beans.factory.support.AbstractAutowireCapableBeanFactory.doCreateBean(AbstractAutowireCapableBeanFactory.java:565) ~[spring-beans-7.0.8.jar!/:7.0.8]
app-1  | 	at org.springframework.beans.factory.support.AbstractAutowireCapableBeanFactory.createBean(AbstractAutowireCapableBeanFactory.java:525) ~[spring-beans-7.0.8.jar!/:7.0.8]
app-1  | 	at org.springframework.beans.factory.support.AbstractBeanFactory.lambda$doGetBean$0(AbstractBeanFactory.java:333) ~[spring-beans-7.0.8.jar!/:7.0.8]
app-1  | 	at org.springframework.beans.factory.support.DefaultSingletonBeanRegistry.getSingleton(DefaultSingletonBeanRegistry.java:371) ~[spring-beans-7.0.8.jar!/:7.0.8]
app-1  | 	at org.springframework.beans.factory.support.AbstractBeanFactory.doGetBean(AbstractBeanFactory.java:331) ~[spring-beans-7.0.8.jar!/:7.0.8]
app-1  | 	at org.springframework.beans.factory.support.AbstractBeanFactory.getBean(AbstractBeanFactory.java:201) ~[spring-beans-7.0.8.jar!/:7.0.8]
app-1  | 	at org.springframework.beans.factory.config.DependencyDescriptor.resolveCandidate(DependencyDescriptor.java:229) ~[spring-beans-7.0.8.jar!/:7.0.8]
app-1  | 	at org.springframework.beans.factory.support.DefaultListableBeanFactory.doResolveDependency(DefaultListableBeanFactory.java:1769) ~[spring-beans-7.0.8.jar!/:7.0.8]
app-1  | 	at org.springframework.beans.factory.support.DefaultListableBeanFactory.resolveDependency(DefaultListableBeanFactory.java:1658) ~[spring-beans-7.0.8.jar!/:7.0.8]
app-1  | 	at org.springframework.beans.factory.support.ConstructorResolver.resolveAutowiredArgument(ConstructorResolver.java:912) ~[spring-beans-7.0.8.jar!/:7.0.8]
app-1  | 	at org.springframework.beans.factory.support.ConstructorResolver.createArgumentArray(ConstructorResolver.java:791) ~[spring-beans-7.0.8.jar!/:7.0.8]
app-1  | 	... 42 common frames omitted
app-1  | Caused by: org.springframework.beans.factory.UnsatisfiedDependencyException: Error creating bean with name 's3Client' defined in class path resource [com/absfitness/config/S3Config.class]: Unsatisfied dependency expressed through method 's3Client' parameter 4: Failed to convert value of type 'java.lang.String' to required type 'boolean'; Invalid boolean value [demo-placeholder]
app-1  | 	at org.springframework.beans.factory.support.ConstructorResolver.createArgumentArray(ConstructorResolver.java:804) ~[spring-beans-7.0.8.jar!/:7.0.8]
app-1  | 	at org.springframework.beans.factory.support.ConstructorResolver.instantiateUsingFactoryMethod(ConstructorResolver.java:546) ~[spring-beans-7.0.8.jar!/:7.0.8]
app-1  | 	at org.springframework.beans.factory.support.AbstractAutowireCapableBeanFactory.instantiateUsingFactoryMethod(AbstractAutowireCapableBeanFactory.java:1360) ~[spring-beans-7.0.8.jar!/:7.0.8]
app-1  | 	at org.springframework.beans.factory.support.AbstractAutowireCapableBeanFactory.createBeanInstance(AbstractAutowireCapableBeanFactory.java:1192) ~[spring-beans-7.0.8.jar!/:7.0.8]
app-1  | 	at org.springframework.beans.factory.support.AbstractAutowireCapableBeanFactory.doCreateBean(AbstractAutowireCapableBeanFactory.java:565) ~[spring-beans-7.0.8.jar!/:7.0.8]
app-1  | 	at org.springframework.beans.factory.support.AbstractAutowireCapableBeanFactory.createBean(AbstractAutowireCapableBeanFactory.java:525) ~[spring-beans-7.0.8.jar!/:7.0.8]
app-1  | 	at org.springframework.beans.factory.support.AbstractBeanFactory.lambda$doGetBean$0(AbstractBeanFactory.java:333) ~[spring-beans-7.0.8.jar!/:7.0.8]
app-1  | 	at org.springframework.beans.factory.support.DefaultSingletonBeanRegistry.getSingleton(DefaultSingletonBeanRegistry.java:371) ~[spring-beans-7.0.8.jar!/:7.0.8]
app-1  | 	at org.springframework.beans.factory.support.AbstractBeanFactory.doGetBean(AbstractBeanFactory.java:331) ~[spring-beans-7.0.8.jar!/:7.0.8]
app-1  | 	at org.springframework.beans.factory.support.AbstractBeanFactory.getBean(AbstractBeanFactory.java:201) ~[spring-beans-7.0.8.jar!/:7.0.8]
app-1  | 	at org.springframework.beans.factory.config.DependencyDescriptor.resolveCandidate(DependencyDescriptor.java:229) ~[spring-beans-7.0.8.jar!/:7.0.8]
app-1  | 	at org.springframework.beans.factory.support.DefaultListableBeanFactory.doResolveDependency(DefaultListableBeanFactory.java:1769) ~[spring-beans-7.0.8.jar!/:7.0.8]
app-1  | 	at org.springframework.beans.factory.support.DefaultListableBeanFactory.resolveDependency(DefaultListableBeanFactory.java:1658) ~[spring-beans-7.0.8.jar!/:7.0.8]
app-1  | 	at org.springframework.beans.factory.support.ConstructorResolver.resolveAutowiredArgument(ConstructorResolver.java:912) ~[spring-beans-7.0.8.jar!/:7.0.8]
app-1  | 	at org.springframework.beans.factory.support.ConstructorResolver.createArgumentArray(ConstructorResolver.java:791) ~[spring-beans-7.0.8.jar!/:7.0.8]
app-1  | 	... 56 common frames omitted
app-1  | Caused by: org.springframework.beans.TypeMismatchException: Failed to convert value of type 'java.lang.String' to required type 'boolean'; Invalid boolean value [demo-placeholder]
app-1  | 	at org.springframework.beans.TypeConverterSupport.convertIfNecessary(TypeConverterSupport.java:82) ~[spring-beans-7.0.8.jar!/:7.0.8]
app-1  | 	at org.springframework.beans.TypeConverterSupport.convertIfNecessary(TypeConverterSupport.java:67) ~[spring-beans-7.0.8.jar!/:7.0.8]
app-1  | 	at org.springframework.beans.factory.support.DefaultListableBeanFactory.doResolveDependency(DefaultListableBeanFactory.java:1686) ~[spring-beans-7.0.8.jar!/:7.0.8]
app-1  | 	at org.springframework.beans.factory.support.DefaultListableBeanFactory.resolveDependency(DefaultListableBeanFactory.java:1658) ~[spring-beans-7.0.8.jar!/:7.0.8]
app-1  | 	at org.springframework.beans.factory.support.ConstructorResolver.resolveAutowiredArgument(ConstructorResolver.java:912) ~[spring-beans-7.0.8.jar!/:7.0.8]
app-1  | 	at org.springframework.beans.factory.support.ConstructorResolver.createArgumentArray(ConstructorResolver.java:791) ~[spring-beans-7.0.8.jar!/:7.0.8]
app-1  | 	... 70 common frames omitted
app-1  | Caused by: java.lang.IllegalArgumentException: Invalid boolean value [demo-placeholder]
app-1  | 	at org.springframework.beans.propertyeditors.CustomBooleanEditor.setAsText(CustomBooleanEditor.java:153) ~[spring-beans-7.0.8.jar!/:7.0.8]
app-1  | 	at org.springframework.beans.TypeConverterDelegate.doConvertTextValue(TypeConverterDelegate.java:434) ~[spring-beans-7.0.8.jar!/:7.0.8]
app-1  | 	at org.springframework.beans.TypeConverterDelegate.doConvertValue(TypeConverterDelegate.java:407) ~[spring-beans-7.0.8.jar!/:7.0.8]
app-1  | 	at org.springframework.beans.TypeConverterDelegate.convertIfNecessary(TypeConverterDelegate.java:158) ~[spring-beans-7.0.8.jar!/:7.0.8]
app-1  | 	at org.springframework.beans.TypeConverterSupport.convertIfNecessary(TypeConverterSupport.java:75) ~[spring-beans-7.0.8.jar!/:7.0.8]
app-1  | 	... 75 common frames omitted
app-1  | 
app-1  | 
app-1  |   .   ____          _            __ _ _
app-1  |  /\\ / ___'_ __ _ _(_)_ __  __ _ \ \ \ \
app-1  | ( ( )\___ | '_ | '_| | '_ \/ _` | \ \ \ \
app-1  |  \\/  ___)| |_)| | | | | || (_| |  ) ) ) )
app-1  |   '  |____| .__|_| |_|_| |_\__, | / / / /
app-1  |  =========|_|==============|___/=/_/_/_/
app-1  | 
app-1  |  :: Spring Boot ::                (v4.1.0)
app-1  | 
app-1  | 2026-08-23T16:39:24.367Z  INFO 1 --- [absfitness] [           main] com.absfitness.AbsFitnessApplication     : Starting AbsFitnessApplication v0.0.1-SNAPSHOT using Java 17.0.19 with PID 1 (/app/app.jar started by app in /app)
app-1  | 2026-08-23T16:39:24.369Z  INFO 1 --- [absfitness] [           main] com.absfitness.AbsFitnessApplication     : No active profile set, falling back to 1 default profile: "default"
app-1  | 2026-08-23T16:39:24.790Z  INFO 1 --- [absfitness] [           main] .s.d.r.c.RepositoryConfigurationDelegate : Bootstrapping Spring Data JPA repositories in DEFAULT mode.
app-1  | 2026-08-23T16:39:24.821Z  INFO 1 --- [absfitness] [           main] .s.d.r.c.RepositoryConfigurationDelegate : Finished Spring Data repository scanning in 25 ms. Found 10 JPA repository interfaces.
app-1  | 2026-08-23T16:39:25.110Z  INFO 1 --- [absfitness] [           main] o.s.boot.tomcat.TomcatWebServer          : Tomcat initialized with port 8080 (http)
app-1  | 2026-08-23T16:39:25.116Z  INFO 1 --- [absfitness] [           main] o.apache.catalina.core.StandardService   : Starting service [Tomcat]
app-1  | 2026-08-23T16:39:25.116Z  INFO 1 --- [absfitness] [           main] o.apache.catalina.core.StandardEngine    : Starting Servlet engine: [Apache Tomcat/11.0.22]
app-1  | 2026-08-23T16:39:25.129Z  INFO 1 --- [absfitness] [           main] b.w.c.s.WebApplicationContextInitializer : Root WebApplicationContext: initialization completed in 731 ms
app-1  | 2026-08-23T16:39:25.285Z  INFO 1 --- [absfitness] [           main] org.hibernate.orm.jpa                    : HHH008540: Processing PersistenceUnitInfo [name: default]
app-1  | 2026-08-23T16:39:25.310Z  INFO 1 --- [absfitness] [           main] org.hibernate.orm.core                   : HHH000001: Hibernate ORM core version 7.4.1.Final
app-1  | 2026-08-23T16:39:25.523Z  INFO 1 --- [absfitness] [           main] o.s.o.j.p.SpringPersistenceUnitInfo      : No LoadTimeWeaver setup: ignoring JPA class transformer
app-1  | 2026-08-23T16:39:25.538Z  INFO 1 --- [absfitness] [           main] com.zaxxer.hikari.HikariDataSource       : HikariPool-1 - Starting...
app-1  | 2026-08-23T16:39:25.638Z  INFO 1 --- [absfitness] [           main] com.zaxxer.hikari.pool.HikariPool        : HikariPool-1 - Added connection org.postgresql.jdbc.PgConnection@48333b12
app-1  | 2026-08-23T16:39:25.639Z  INFO 1 --- [absfitness] [           main] com.zaxxer.hikari.HikariDataSource       : HikariPool-1 - Start completed.
app-1  | 2026-08-23T16:39:25.661Z  WARN 1 --- [absfitness] [           main] org.hibernate.orm.deprecation            : HHH90000025: PostgreSQLDialect does not need to be specified explicitly using 'hibernate.dialect' (remove the property setting and it will be selected by default)
app-1  | 2026-08-23T16:39:25.674Z  INFO 1 --- [absfitness] [           main] org.hibernate.orm.connections.pooling    : HHH10001005: Database info:
app-1  | 	Database JDBC URL [jdbc:postgresql://db:5432/absfitness]
app-1  | 	Database driver: PostgreSQL JDBC Driver
app-1  | 	Database dialect: PostgreSQLDialect
app-1  | 	Database version: 16.14
app-1  | 	Default catalog/schema: absfitness/public
app-1  | 	Autocommit mode: undefined/unknown
app-1  | 	Isolation level: READ_COMMITTED [default READ_COMMITTED]
app-1  | 	JDBC fetch size: none
app-1  | 	Pool: DataSourceConnectionProvider
app-1  | 	Minimum pool size: undefined/unknown
app-1  | 	Maximum pool size: undefined/unknown
app-1  | 2026-08-23T16:39:26.205Z  INFO 1 --- [absfitness] [           main] org.hibernate.orm.core                   : HHH000489: No JTA platform available (set 'hibernate.transaction.jta.platform' to enable JTA platform integration)
app-1  | 2026-08-23T16:39:26.241Z  INFO 1 --- [absfitness] [           main] j.LocalContainerEntityManagerFactoryBean : Initialized JPA EntityManagerFactory for persistence unit 'default'
app-1  | 2026-08-23T16:39:26.272Z  INFO 1 --- [absfitness] [           main] o.s.d.j.r.query.QueryEnhancerFactories   : Hibernate is in classpath; If applicable, HQL parser will be used.
app-1  | 2026-08-23T16:39:26.365Z  INFO 1 --- [absfitness] [           main] eAuthenticationProviderManagerConfigurer : Global AuthenticationManager configured with AuthenticationProvider bean with name authenticationProvider
app-1  | 2026-08-23T16:39:26.365Z  WARN 1 --- [absfitness] [           main] r$InitializeUserDetailsManagerConfigurer : Global AuthenticationManager configured with an AuthenticationProvider bean. UserDetailsService beans will not be used by Spring Security for automatically configuring username/password login. Consider removing the AuthenticationProvider bean. Alternatively, consider using the UserDetailsService in a manually instantiated DaoAuthenticationProvider. If the current configuration is intentional, to turn off this warning, increase the logging level of 'org.springframework.security.config.annotation.authentication.configuration.InitializeUserDetailsBeanManagerConfigurer' to ERROR
app-1  | 2026-08-23T16:39:26.640Z  WARN 1 --- [absfitness] [           main] ConfigServletWebServerApplicationContext : Exception encountered during context initialization - cancelling refresh attempt: org.springframework.beans.factory.UnsatisfiedDependencyException: Error creating bean with name 'galleryController' defined in URL [jar:nested:/app/app.jar/!BOOT-INF/classes/!/com/absfitness/controller/GalleryController.class]: Unsatisfied dependency expressed through constructor parameter 0: Error creating bean with name 'mediaAssetService' defined in URL [jar:nested:/app/app.jar/!BOOT-INF/classes/!/com/absfitness/service/MediaAssetService.class]: Unsatisfied dependency expressed through constructor parameter 1: Error creating bean with name 'minioStorageService' defined in URL [jar:nested:/app/app.jar/!BOOT-INF/classes/!/com/absfitness/storage/MinioStorageService.class]: Unsatisfied dependency expressed through constructor parameter 0: Error creating bean with name 's3Client' defined in class path resource [com/absfitness/config/S3Config.class]: Unsatisfied dependency expressed through method 's3Client' parameter 4: Failed to convert value of type 'java.lang.String' to required type 'boolean'; Invalid boolean value [demo-placeholder]
app-1  | 2026-08-23T16:39:26.641Z  INFO 1 --- [absfitness] [           main] j.LocalContainerEntityManagerFactoryBean : Closing JPA EntityManagerFactory for persistence unit 'default'
app-1  | 2026-08-23T16:39:26.642Z  INFO 1 --- [absfitness] [           main] com.zaxxer.hikari.HikariDataSource       : HikariPool-1 - Shutdown initiated...
app-1  | 2026-08-23T16:39:26.646Z  INFO 1 --- [absfitness] [           main] com.zaxxer.hikari.HikariDataSource       : HikariPool-1 - Shutdown completed.
app-1  | 2026-08-23T16:39:26.648Z  INFO 1 --- [absfitness] [           main] o.apache.catalina.core.StandardService   : Stopping service [Tomcat]
app-1  | 2026-08-23T16:39:26.655Z  INFO 1 --- [absfitness] [           main] .s.b.a.l.ConditionEvaluationReportLogger : 
app-1  | 
app-1  | Error starting ApplicationContext. To display the condition evaluation report re-run your application with 'debug' enabled.
app-1  | 2026-08-23T16:39:26.663Z ERROR 1 --- [absfitness] [           main] o.s.boot.SpringApplication               : Application run failed
app-1  | 
app-1  | org.springframework.beans.factory.UnsatisfiedDependencyException: Error creating bean with name 'galleryController' defined in URL [jar:nested:/app/app.jar/!BOOT-INF/classes/!/com/absfitness/controller/GalleryController.class]: Unsatisfied dependency expressed through constructor parameter 0: Error creating bean with name 'mediaAssetService' defined in URL [jar:nested:/app/app.jar/!BOOT-INF/classes/!/com/absfitness/service/MediaAssetService.class]: Unsatisfied dependency expressed through constructor parameter 1: Error creating bean with name 'minioStorageService' defined in URL [jar:nested:/app/app.jar/!BOOT-INF/classes/!/com/absfitness/storage/MinioStorageService.class]: Unsatisfied dependency expressed through constructor parameter 0: Error creating bean with name 's3Client' defined in class path resource [com/absfitness/config/S3Config.class]: Unsatisfied dependency expressed through method 's3Client' parameter 4: Failed to convert value of type 'java.lang.String' to required type 'boolean'; Invalid boolean value [demo-placeholder]
app-1  | 	at org.springframework.beans.factory.support.ConstructorResolver.createArgumentArray(ConstructorResolver.java:804) ~[spring-beans-7.0.8.jar!/:7.0.8]
app-1  | 	at org.springframework.beans.factory.support.ConstructorResolver.autowireConstructor(ConstructorResolver.java:240) ~[spring-beans-7.0.8.jar!/:7.0.8]
app-1  | 	at org.springframework.beans.factory.support.AbstractAutowireCapableBeanFactory.autowireConstructor(AbstractAutowireCapableBeanFactory.java:1380) ~[spring-beans-7.0.8.jar!/:7.0.8]
app-1  | 	at org.springframework.beans.factory.support.AbstractAutowireCapableBeanFactory.createBeanInstance(AbstractAutowireCapableBeanFactory.java:1219) ~[spring-beans-7.0.8.jar!/:7.0.8]
app-1  | 	at org.springframework.beans.factory.support.AbstractAutowireCapableBeanFactory.doCreateBean(AbstractAutowireCapableBeanFactory.java:565) ~[spring-beans-7.0.8.jar!/:7.0.8]
app-1  | 	at org.springframework.beans.factory.support.AbstractAutowireCapableBeanFactory.createBean(AbstractAutowireCapableBeanFactory.java:525) ~[spring-beans-7.0.8.jar!/:7.0.8]
app-1  | 	at org.springframework.beans.factory.support.AbstractBeanFactory.lambda$doGetBean$0(AbstractBeanFactory.java:333) ~[spring-beans-7.0.8.jar!/:7.0.8]
app-1  | 	at org.springframework.beans.factory.support.DefaultSingletonBeanRegistry.getSingleton(DefaultSingletonBeanRegistry.java:371) ~[spring-beans-7.0.8.jar!/:7.0.8]
app-1  | 	at org.springframework.beans.factory.support.AbstractBeanFactory.doGetBean(AbstractBeanFactory.java:331) ~[spring-beans-7.0.8.jar!/:7.0.8]
app-1  | 	at org.springframework.beans.factory.support.AbstractBeanFactory.getBean(AbstractBeanFactory.java:196) ~[spring-beans-7.0.8.jar!/:7.0.8]
app-1  | 	at org.springframework.beans.factory.support.DefaultListableBeanFactory.instantiateSingleton(DefaultListableBeanFactory.java:1225) ~[spring-beans-7.0.8.jar!/:7.0.8]
app-1  | 	at org.springframework.beans.factory.support.DefaultListableBeanFactory.preInstantiateSingleton(DefaultListableBeanFactory.java:1191) ~[spring-beans-7.0.8.jar!/:7.0.8]
app-1  | 	at org.springframework.beans.factory.support.DefaultListableBeanFactory.preInstantiateSingletons(DefaultListableBeanFactory.java:1121) ~[spring-beans-7.0.8.jar!/:7.0.8]
app-1  | 	at org.springframework.context.support.AbstractApplicationContext.finishBeanFactoryInitialization(AbstractApplicationContext.java:994) ~[spring-context-7.0.8.jar!/:7.0.8]
app-1  | 	at org.springframework.context.support.AbstractApplicationContext.refresh(AbstractApplicationContext.java:621) ~[spring-context-7.0.8.jar!/:7.0.8]
app-1  | 	at org.springframework.boot.web.server.servlet.context.ServletWebServerApplicationContext.refresh(ServletWebServerApplicationContext.java:143) ~[spring-boot-web-server-4.1.0.jar!/:4.1.0]
app-1  | 	at org.springframework.boot.SpringApplication.refresh(SpringApplication.java:756) ~[spring-boot-4.1.0.jar!/:4.1.0]
app-1  | 	at org.springframework.boot.SpringApplication.refreshContext(SpringApplication.java:445) ~[spring-boot-4.1.0.jar!/:4.1.0]
app-1  | 	at org.springframework.boot.SpringApplication.run(SpringApplication.java:321) ~[spring-boot-4.1.0.jar!/:4.1.0]
app-1  | 	at org.springframework.boot.SpringApplication.run(SpringApplication.java:1365) ~[spring-boot-4.1.0.jar!/:4.1.0]
app-1  | 	at org.springframework.boot.SpringApplication.run(SpringApplication.java:1354) ~[spring-boot-4.1.0.jar!/:4.1.0]
app-1  | 	at com.absfitness.AbsFitnessApplication.main(AbsFitnessApplication.java:9) ~[!/:0.0.1-SNAPSHOT]
app-1  | 	at java.base/jdk.internal.reflect.NativeMethodAccessorImpl.invoke0(Native Method) ~[na:na]
app-1  | 	at java.base/jdk.internal.reflect.NativeMethodAccessorImpl.invoke(Unknown Source) ~[na:na]
app-1  | 	at java.base/jdk.internal.reflect.DelegatingMethodAccessorImpl.invoke(Unknown Source) ~[na:na]
app-1  | 	at java.base/java.lang.reflect.Method.invoke(Unknown Source) ~[na:na]
app-1  | 	at org.springframework.boot.loader.launch.Launcher.launch(Launcher.java:106) ~[app.jar:0.0.1-SNAPSHOT]
app-1  | 	at org.springframework.boot.loader.launch.Launcher.launch(Launcher.java:64) ~[app.jar:0.0.1-SNAPSHOT]
app-1  | 	at org.springframework.boot.loader.launch.JarLauncher.main(JarLauncher.java:40) ~[app.jar:0.0.1-SNAPSHOT]
app-1  | Caused by: org.springframework.beans.factory.UnsatisfiedDependencyException: Error creating bean with name 'mediaAssetService' defined in URL [jar:nested:/app/app.jar/!BOOT-INF/classes/!/com/absfitness/service/MediaAssetService.class]: Unsatisfied dependency expressed through constructor parameter 1: Error creating bean with name 'minioStorageService' defined in URL [jar:nested:/app/app.jar/!BOOT-INF/classes/!/com/absfitness/storage/MinioStorageService.class]: Unsatisfied dependency expressed through constructor parameter 0: Error creating bean with name 's3Client' defined in class path resource [com/absfitness/config/S3Config.class]: Unsatisfied dependency expressed through method 's3Client' parameter 4: Failed to convert value of type 'java.lang.String' to required type 'boolean'; Invalid boolean value [demo-placeholder]
app-1  | 	at org.springframework.beans.factory.support.ConstructorResolver.createArgumentArray(ConstructorResolver.java:804) ~[spring-beans-7.0.8.jar!/:7.0.8]
app-1  | 	at org.springframework.beans.factory.support.ConstructorResolver.autowireConstructor(ConstructorResolver.java:240) ~[spring-beans-7.0.8.jar!/:7.0.8]
app-1  | 	at org.springframework.beans.factory.support.AbstractAutowireCapableBeanFactory.autowireConstructor(AbstractAutowireCapableBeanFactory.java:1380) ~[spring-beans-7.0.8.jar!/:7.0.8]
app-1  | 	at org.springframework.beans.factory.support.AbstractAutowireCapableBeanFactory.createBeanInstance(AbstractAutowireCapableBeanFactory.java:1219) ~[spring-beans-7.0.8.jar!/:7.0.8]
app-1  | 	at org.springframework.beans.factory.support.AbstractAutowireCapableBeanFactory.doCreateBean(AbstractAutowireCapableBeanFactory.java:565) ~[spring-beans-7.0.8.jar!/:7.0.8]
app-1  | 	at org.springframework.beans.factory.support.AbstractAutowireCapableBeanFactory.createBean(AbstractAutowireCapableBeanFactory.java:525) ~[spring-beans-7.0.8.jar!/:7.0.8]
app-1  | 	at org.springframework.beans.factory.support.AbstractBeanFactory.lambda$doGetBean$0(AbstractBeanFactory.java:333) ~[spring-beans-7.0.8.jar!/:7.0.8]
app-1  | 	at org.springframework.beans.factory.support.DefaultSingletonBeanRegistry.getSingleton(DefaultSingletonBeanRegistry.java:371) ~[spring-beans-7.0.8.jar!/:7.0.8]
app-1  | 	at org.springframework.beans.factory.support.AbstractBeanFactory.doGetBean(AbstractBeanFactory.java:331) ~[spring-beans-7.0.8.jar!/:7.0.8]
app-1  | 	at org.springframework.beans.factory.support.AbstractBeanFactory.getBean(AbstractBeanFactory.java:201) ~[spring-beans-7.0.8.jar!/:7.0.8]
app-1  | 	at org.springframework.beans.factory.support.DefaultListableBeanFactory.resolveBean(DefaultListableBeanFactory.java:1232) ~[spring-beans-7.0.8.jar!/:7.0.8]
app-1  | 	at org.springframework.beans.factory.support.DefaultListableBeanFactory.doResolveDependency(DefaultListableBeanFactory.java:1711) ~[spring-beans-7.0.8.jar!/:7.0.8]
app-1  | 	at org.springframework.beans.factory.support.DefaultListableBeanFactory.resolveDependency(DefaultListableBeanFactory.java:1658) ~[spring-beans-7.0.8.jar!/:7.0.8]
app-1  | 	at org.springframework.beans.factory.support.ConstructorResolver.resolveAutowiredArgument(ConstructorResolver.java:912) ~[spring-beans-7.0.8.jar!/:7.0.8]
app-1  | 	at org.springframework.beans.factory.support.ConstructorResolver.createArgumentArray(ConstructorResolver.java:791) ~[spring-beans-7.0.8.jar!/:7.0.8]
app-1  | 	... 28 common frames omitted
app-1  | Caused by: org.springframework.beans.factory.UnsatisfiedDependencyException: Error creating bean with name 'minioStorageService' defined in URL [jar:nested:/app/app.jar/!BOOT-INF/classes/!/com/absfitness/storage/MinioStorageService.class]: Unsatisfied dependency expressed through constructor parameter 0: Error creating bean with name 's3Client' defined in class path resource [com/absfitness/config/S3Config.class]: Unsatisfied dependency expressed through method 's3Client' parameter 4: Failed to convert value of type 'java.lang.String' to required type 'boolean'; Invalid boolean value [demo-placeholder]
app-1  | 	at org.springframework.beans.factory.support.ConstructorResolver.createArgumentArray(ConstructorResolver.java:804) ~[spring-beans-7.0.8.jar!/:7.0.8]
app-1  | 	at org.springframework.beans.factory.support.ConstructorResolver.autowireConstructor(ConstructorResolver.java:240) ~[spring-beans-7.0.8.jar!/:7.0.8]
app-1  | 	at org.springframework.beans.factory.support.AbstractAutowireCapableBeanFactory.autowireConstructor(AbstractAutowireCapableBeanFactory.java:1380) ~[spring-beans-7.0.8.jar!/:7.0.8]
app-1  | 	at org.springframework.beans.factory.support.AbstractAutowireCapableBeanFactory.createBeanInstance(AbstractAutowireCapableBeanFactory.java:1219) ~[spring-beans-7.0.8.jar!/:7.0.8]
app-1  | 	at org.springframework.beans.factory.support.AbstractAutowireCapableBeanFactory.doCreateBean(AbstractAutowireCapableBeanFactory.java:565) ~[spring-beans-7.0.8.jar!/:7.0.8]
app-1  | 	at org.springframework.beans.factory.support.AbstractAutowireCapableBeanFactory.createBean(AbstractAutowireCapableBeanFactory.java:525) ~[spring-beans-7.0.8.jar!/:7.0.8]
app-1  | 	at org.springframework.beans.factory.support.AbstractBeanFactory.lambda$doGetBean$0(AbstractBeanFactory.java:333) ~[spring-beans-7.0.8.jar!/:7.0.8]
app-1  | 	at org.springframework.beans.factory.support.DefaultSingletonBeanRegistry.getSingleton(DefaultSingletonBeanRegistry.java:371) ~[spring-beans-7.0.8.jar!/:7.0.8]
app-1  | 	at org.springframework.beans.factory.support.AbstractBeanFactory.doGetBean(AbstractBeanFactory.java:331) ~[spring-beans-7.0.8.jar!/:7.0.8]
app-1  | 	at org.springframework.beans.factory.support.AbstractBeanFactory.getBean(AbstractBeanFactory.java:201) ~[spring-beans-7.0.8.jar!/:7.0.8]
app-1  | 	at org.springframework.beans.factory.config.DependencyDescriptor.resolveCandidate(DependencyDescriptor.java:229) ~[spring-beans-7.0.8.jar!/:7.0.8]
app-1  | 	at org.springframework.beans.factory.support.DefaultListableBeanFactory.doResolveDependency(DefaultListableBeanFactory.java:1769) ~[spring-beans-7.0.8.jar!/:7.0.8]
app-1  | 	at org.springframework.beans.factory.support.DefaultListableBeanFactory.resolveDependency(DefaultListableBeanFactory.java:1658) ~[spring-beans-7.0.8.jar!/:7.0.8]
app-1  | 	at org.springframework.beans.factory.support.ConstructorResolver.resolveAutowiredArgument(ConstructorResolver.java:912) ~[spring-beans-7.0.8.jar!/:7.0.8]
app-1  | 	at org.springframework.beans.factory.support.ConstructorResolver.createArgumentArray(ConstructorResolver.java:791) ~[spring-beans-7.0.8.jar!/:7.0.8]
app-1  | 	... 42 common frames omitted
app-1  | Caused by: org.springframework.beans.factory.UnsatisfiedDependencyException: Error creating bean with name 's3Client' defined in class path resource [com/absfitness/config/S3Config.class]: Unsatisfied dependency expressed through method 's3Client' parameter 4: Failed to convert value of type 'java.lang.String' to required type 'boolean'; Invalid boolean value [demo-placeholder]
app-1  | 	at org.springframework.beans.factory.support.ConstructorResolver.createArgumentArray(ConstructorResolver.java:804) ~[spring-beans-7.0.8.jar!/:7.0.8]
app-1  | 	at org.springframework.beans.factory.support.ConstructorResolver.instantiateUsingFactoryMethod(ConstructorResolver.java:546) ~[spring-beans-7.0.8.jar!/:7.0.8]
app-1  | 	at org.springframework.beans.factory.support.AbstractAutowireCapableBeanFactory.instantiateUsingFactoryMethod(AbstractAutowireCapableBeanFactory.java:1360) ~[spring-beans-7.0.8.jar!/:7.0.8]
app-1  | 	at org.springframework.beans.factory.support.AbstractAutowireCapableBeanFactory.createBeanInstance(AbstractAutowireCapableBeanFactory.java:1192) ~[spring-beans-7.0.8.jar!/:7.0.8]
app-1  | 	at org.springframework.beans.factory.support.AbstractAutowireCapableBeanFactory.doCreateBean(AbstractAutowireCapableBeanFactory.java:565) ~[spring-beans-7.0.8.jar!/:7.0.8]
app-1  | 	at org.springframework.beans.factory.support.AbstractAutowireCapableBeanFactory.createBean(AbstractAutowireCapableBeanFactory.java:525) ~[spring-beans-7.0.8.jar!/:7.0.8]
app-1  | 	at org.springframework.beans.factory.support.AbstractBeanFactory.lambda$doGetBean$0(AbstractBeanFactory.java:333) ~[spring-beans-7.0.8.jar!/:7.0.8]
app-1  | 	at org.springframework.beans.factory.support.DefaultSingletonBeanRegistry.getSingleton(DefaultSingletonBeanRegistry.java:371) ~[spring-beans-7.0.8.jar!/:7.0.8]
app-1  | 	at org.springframework.beans.factory.support.AbstractBeanFactory.doGetBean(AbstractBeanFactory.java:331) ~[spring-beans-7.0.8.jar!/:7.0.8]
app-1  | 	at org.springframework.beans.factory.support.AbstractBeanFactory.getBean(AbstractBeanFactory.java:201) ~[spring-beans-7.0.8.jar!/:7.0.8]
app-1  | 	at org.springframework.beans.factory.config.DependencyDescriptor.resolveCandidate(DependencyDescriptor.java:229) ~[spring-beans-7.0.8.jar!/:7.0.8]
app-1  | 	at org.springframework.beans.factory.support.DefaultListableBeanFactory.doResolveDependency(DefaultListableBeanFactory.java:1769) ~[spring-beans-7.0.8.jar!/:7.0.8]
app-1  | 	at org.springframework.beans.factory.support.DefaultListableBeanFactory.resolveDependency(DefaultListableBeanFactory.java:1658) ~[spring-beans-7.0.8.jar!/:7.0.8]
app-1  | 	at org.springframework.beans.factory.support.ConstructorResolver.resolveAutowiredArgument(ConstructorResolver.java:912) ~[spring-beans-7.0.8.jar!/:7.0.8]
app-1  | 	at org.springframework.beans.factory.support.ConstructorResolver.createArgumentArray(ConstructorResolver.java:791) ~[spring-beans-7.0.8.jar!/:7.0.8]
app-1  | 	... 56 common frames omitted
app-1  | Caused by: org.springframework.beans.TypeMismatchException: Failed to convert value of type 'java.lang.String' to required type 'boolean'; Invalid boolean value [demo-placeholder]
app-1  | 	at org.springframework.beans.TypeConverterSupport.convertIfNecessary(TypeConverterSupport.java:82) ~[spring-beans-7.0.8.jar!/:7.0.8]
app-1  | 	at org.springframework.beans.TypeConverterSupport.convertIfNecessary(TypeConverterSupport.java:67) ~[spring-beans-7.0.8.jar!/:7.0.8]
app-1  | 	at org.springframework.beans.factory.support.DefaultListableBeanFactory.doResolveDependency(DefaultListableBeanFactory.java:1686) ~[spring-beans-7.0.8.jar!/:7.0.8]
app-1  | 	at org.springframework.beans.factory.support.DefaultListableBeanFactory.resolveDependency(DefaultListableBeanFactory.java:1658) ~[spring-beans-7.0.8.jar!/:7.0.8]
app-1  | 	at org.springframework.beans.factory.support.ConstructorResolver.resolveAutowiredArgument(ConstructorResolver.java:912) ~[spring-beans-7.0.8.jar!/:7.0.8]
app-1  | 	at org.springframework.beans.factory.support.ConstructorResolver.createArgumentArray(ConstructorResolver.java:791) ~[spring-beans-7.0.8.jar!/:7.0.8]
app-1  | 	... 70 common frames omitted
app-1  | Caused by: java.lang.IllegalArgumentException: Invalid boolean value [demo-placeholder]
app-1  | 	at org.springframework.beans.propertyeditors.CustomBooleanEditor.setAsText(CustomBooleanEditor.java:153) ~[spring-beans-7.0.8.jar!/:7.0.8]
app-1  | 	at org.springframework.beans.TypeConverterDelegate.doConvertTextValue(TypeConverterDelegate.java:434) ~[spring-beans-7.0.8.jar!/:7.0.8]
app-1  | 	at org.springframework.beans.TypeConverterDelegate.doConvertValue(TypeConverterDelegate.java:407) ~[spring-beans-7.0.8.jar!/:7.0.8]
app-1  | 	at org.springframework.beans.TypeConverterDelegate.convertIfNecessary(TypeConverterDelegate.java:158) ~[spring-beans-7.0.8.jar!/:7.0.8]
app-1  | 	at org.springframework.beans.TypeConverterSupport.convertIfNecessary(TypeConverterSupport.java:75) ~[spring-beans-7.0.8.jar!/:7.0.8]
app-1  | 	... 75 common frames omitted
app-1  | 
app-1  | 
app-1  |   .   ____          _            __ _ _
app-1  |  /\\ / ___'_ __ _ _(_)_ __  __ _ \ \ \ \
app-1  | ( ( )\___ | '_ | '_| | '_ \/ _` | \ \ \ \
app-1  |  \\/  ___)| |_)| | | | | || (_| |  ) ) ) )
app-1  |   '  |____| .__|_| |_|_| |_\__, | / / / /
app-1  |  =========|_|==============|___/=/_/_/_/
app-1  | 
app-1  |  :: Spring Boot ::                (v4.1.0)
app-1  | 
app-1  | 2026-08-23T16:39:28.840Z  INFO 1 --- [absfitness] [           main] com.absfitness.AbsFitnessApplication     : Starting AbsFitnessApplication v0.0.1-SNAPSHOT using Java 17.0.19 with PID 1 (/app/app.jar started by app in /app)
app-1  | 2026-08-23T16:39:28.841Z  INFO 1 --- [absfitness] [           main] com.absfitness.AbsFitnessApplication     : No active profile set, falling back to 1 default profile: "default"
app-1  | 2026-08-23T16:39:29.308Z  INFO 1 --- [absfitness] [           main] .s.d.r.c.RepositoryConfigurationDelegate : Bootstrapping Spring Data JPA repositories in DEFAULT mode.
app-1  | 2026-08-23T16:39:29.336Z  INFO 1 --- [absfitness] [           main] .s.d.r.c.RepositoryConfigurationDelegate : Finished Spring Data repository scanning in 24 ms. Found 10 JPA repository interfaces.
app-1  | 2026-08-23T16:39:29.652Z  INFO 1 --- [absfitness] [           main] o.s.boot.tomcat.TomcatWebServer          : Tomcat initialized with port 8080 (http)
app-1  | 2026-08-23T16:39:29.658Z  INFO 1 --- [absfitness] [           main] o.apache.catalina.core.StandardService   : Starting service [Tomcat]
app-1  | 2026-08-23T16:39:29.658Z  INFO 1 --- [absfitness] [           main] o.apache.catalina.core.StandardEngine    : Starting Servlet engine: [Apache Tomcat/11.0.22]
app-1  | 2026-08-23T16:39:29.672Z  INFO 1 --- [absfitness] [           main] b.w.c.s.WebApplicationContextInitializer : Root WebApplicationContext: initialization completed in 802 ms
app-1  | 2026-08-23T16:39:29.820Z  INFO 1 --- [absfitness] [           main] org.hibernate.orm.jpa                    : HHH008540: Processing PersistenceUnitInfo [name: default]
app-1  | 2026-08-23T16:39:29.845Z  INFO 1 --- [absfitness] [           main] org.hibernate.orm.core                   : HHH000001: Hibernate ORM core version 7.4.1.Final
app-1  | 2026-08-23T16:39:30.039Z  INFO 1 --- [absfitness] [           main] o.s.o.j.p.SpringPersistenceUnitInfo      : No LoadTimeWeaver setup: ignoring JPA class transformer
app-1  | 2026-08-23T16:39:30.052Z  INFO 1 --- [absfitness] [           main] com.zaxxer.hikari.HikariDataSource       : HikariPool-1 - Starting...
app-1  | 2026-08-23T16:39:30.148Z  INFO 1 --- [absfitness] [           main] com.zaxxer.hikari.pool.HikariPool        : HikariPool-1 - Added connection org.postgresql.jdbc.PgConnection@48333b12
app-1  | 2026-08-23T16:39:30.148Z  INFO 1 --- [absfitness] [           main] com.zaxxer.hikari.HikariDataSource       : HikariPool-1 - Start completed.
app-1  | 2026-08-23T16:39:30.165Z  WARN 1 --- [absfitness] [           main] org.hibernate.orm.deprecation            : HHH90000025: PostgreSQLDialect does not need to be specified explicitly using 'hibernate.dialect' (remove the property setting and it will be selected by default)
app-1  | 2026-08-23T16:39:30.175Z  INFO 1 --- [absfitness] [           main] org.hibernate.orm.connections.pooling    : HHH10001005: Database info:
app-1  | 	Database JDBC URL [jdbc:postgresql://db:5432/absfitness]
app-1  | 	Database driver: PostgreSQL JDBC Driver
app-1  | 	Database dialect: PostgreSQLDialect
app-1  | 	Database version: 16.14
app-1  | 	Default catalog/schema: absfitness/public
app-1  | 	Autocommit mode: undefined/unknown
app-1  | 	Isolation level: READ_COMMITTED [default READ_COMMITTED]
app-1  | 	JDBC fetch size: none
app-1  | 	Pool: DataSourceConnectionProvider
app-1  | 	Minimum pool size: undefined/unknown
app-1  | 	Maximum pool size: undefined/unknown
app-1  | 2026-08-23T16:39:30.709Z  INFO 1 --- [absfitness] [           main] org.hibernate.orm.core                   : HHH000489: No JTA platform available (set 'hibernate.transaction.jta.platform' to enable JTA platform integration)
app-1  | 2026-08-23T16:39:30.743Z  INFO 1 --- [absfitness] [           main] j.LocalContainerEntityManagerFactoryBean : Initialized JPA EntityManagerFactory for persistence unit 'default'
app-1  | 2026-08-23T16:39:30.775Z  INFO 1 --- [absfitness] [           main] o.s.d.j.r.query.QueryEnhancerFactories   : Hibernate is in classpath; If applicable, HQL parser will be used.
app-1  | 2026-08-23T16:39:30.867Z  INFO 1 --- [absfitness] [           main] eAuthenticationProviderManagerConfigurer : Global AuthenticationManager configured with AuthenticationProvider bean with name authenticationProvider
app-1  | 2026-08-23T16:39:30.867Z  WARN 1 --- [absfitness] [           main] r$InitializeUserDetailsManagerConfigurer : Global AuthenticationManager configured with an AuthenticationProvider bean. UserDetailsService beans will not be used by Spring Security for automatically configuring username/password login. Consider removing the AuthenticationProvider bean. Alternatively, consider using the UserDetailsService in a manually instantiated DaoAuthenticationProvider. If the current configuration is intentional, to turn off this warning, increase the logging level of 'org.springframework.security.config.annotation.authentication.configuration.InitializeUserDetailsBeanManagerConfigurer' to ERROR
app-1  | 2026-08-23T16:39:31.152Z  WARN 1 --- [absfitness] [           main] ConfigServletWebServerApplicationContext : Exception encountered during context initialization - cancelling refresh attempt: org.springframework.beans.factory.UnsatisfiedDependencyException: Error creating bean with name 'galleryController' defined in URL [jar:nested:/app/app.jar/!BOOT-INF/classes/!/com/absfitness/controller/GalleryController.class]: Unsatisfied dependency expressed through constructor parameter 0: Error creating bean with name 'mediaAssetService' defined in URL [jar:nested:/app/app.jar/!BOOT-INF/classes/!/com/absfitness/service/MediaAssetService.class]: Unsatisfied dependency expressed through constructor parameter 1: Error creating bean with name 'minioStorageService' defined in URL [jar:nested:/app/app.jar/!BOOT-INF/classes/!/com/absfitness/storage/MinioStorageService.class]: Unsatisfied dependency expressed through constructor parameter 0: Error creating bean with name 's3Client' defined in class path resource [com/absfitness/config/S3Config.class]: Unsatisfied dependency expressed through method 's3Client' parameter 4: Failed to convert value of type 'java.lang.String' to required type 'boolean'; Invalid boolean value [demo-placeholder]
app-1  | 2026-08-23T16:39:31.153Z  INFO 1 --- [absfitness] [           main] j.LocalContainerEntityManagerFactoryBean : Closing JPA EntityManagerFactory for persistence unit 'default'
app-1  | 2026-08-23T16:39:31.154Z  INFO 1 --- [absfitness] [           main] com.zaxxer.hikari.HikariDataSource       : HikariPool-1 - Shutdown initiated...
app-1  | 2026-08-23T16:39:31.157Z  INFO 1 --- [absfitness] [           main] com.zaxxer.hikari.HikariDataSource       : HikariPool-1 - Shutdown completed.
app-1  | 2026-08-23T16:39:31.159Z  INFO 1 --- [absfitness] [           main] o.apache.catalina.core.StandardService   : Stopping service [Tomcat]
app-1  | 2026-08-23T16:39:31.166Z  INFO 1 --- [absfitness] [           main] .s.b.a.l.ConditionEvaluationReportLogger : 
app-1  | 
app-1  | Error starting ApplicationContext. To display the condition evaluation report re-run your application with 'debug' enabled.
app-1  | 2026-08-23T16:39:31.173Z ERROR 1 --- [absfitness] [           main] o.s.boot.SpringApplication               : Application run failed
app-1  | 
app-1  | org.springframework.beans.factory.UnsatisfiedDependencyException: Error creating bean with name 'galleryController' defined in URL [jar:nested:/app/app.jar/!BOOT-INF/classes/!/com/absfitness/controller/GalleryController.class]: Unsatisfied dependency expressed through constructor parameter 0: Error creating bean with name 'mediaAssetService' defined in URL [jar:nested:/app/app.jar/!BOOT-INF/classes/!/com/absfitness/service/MediaAssetService.class]: Unsatisfied dependency expressed through constructor parameter 1: Error creating bean with name 'minioStorageService' defined in URL [jar:nested:/app/app.jar/!BOOT-INF/classes/!/com/absfitness/storage/MinioStorageService.class]: Unsatisfied dependency expressed through constructor parameter 0: Error creating bean with name 's3Client' defined in class path resource [com/absfitness/config/S3Config.class]: Unsatisfied dependency expressed through method 's3Client' parameter 4: Failed to convert value of type 'java.lang.String' to required type 'boolean'; Invalid boolean value [demo-placeholder]
app-1  | 	at org.springframework.beans.factory.support.ConstructorResolver.createArgumentArray(ConstructorResolver.java:804) ~[spring-beans-7.0.8.jar!/:7.0.8]
app-1  | 	at org.springframework.beans.factory.support.ConstructorResolver.autowireConstructor(ConstructorResolver.java:240) ~[spring-beans-7.0.8.jar!/:7.0.8]
app-1  | 	at org.springframework.beans.factory.support.AbstractAutowireCapableBeanFactory.autowireConstructor(AbstractAutowireCapableBeanFactory.java:1380) ~[spring-beans-7.0.8.jar!/:7.0.8]
app-1  | 	at org.springframework.beans.factory.support.AbstractAutowireCapableBeanFactory.createBeanInstance(AbstractAutowireCapableBeanFactory.java:1219) ~[spring-beans-7.0.8.jar!/:7.0.8]
app-1  | 	at org.springframework.beans.factory.support.AbstractAutowireCapableBeanFactory.doCreateBean(AbstractAutowireCapableBeanFactory.java:565) ~[spring-beans-7.0.8.jar!/:7.0.8]
app-1  | 	at org.springframework.beans.factory.support.AbstractAutowireCapableBeanFactory.createBean(AbstractAutowireCapableBeanFactory.java:525) ~[spring-beans-7.0.8.jar!/:7.0.8]
app-1  | 	at org.springframework.beans.factory.support.AbstractBeanFactory.lambda$doGetBean$0(AbstractBeanFactory.java:333) ~[spring-beans-7.0.8.jar!/:7.0.8]
app-1  | 	at org.springframework.beans.factory.support.DefaultSingletonBeanRegistry.getSingleton(DefaultSingletonBeanRegistry.java:371) ~[spring-beans-7.0.8.jar!/:7.0.8]
app-1  | 	at org.springframework.beans.factory.support.AbstractBeanFactory.doGetBean(AbstractBeanFactory.java:331) ~[spring-beans-7.0.8.jar!/:7.0.8]
app-1  | 	at org.springframework.beans.factory.support.AbstractBeanFactory.getBean(AbstractBeanFactory.java:196) ~[spring-beans-7.0.8.jar!/:7.0.8]
app-1  | 	at org.springframework.beans.factory.support.DefaultListableBeanFactory.instantiateSingleton(DefaultListableBeanFactory.java:1225) ~[spring-beans-7.0.8.jar!/:7.0.8]
app-1  | 	at org.springframework.beans.factory.support.DefaultListableBeanFactory.preInstantiateSingleton(DefaultListableBeanFactory.java:1191) ~[spring-beans-7.0.8.jar!/:7.0.8]
app-1  | 	at org.springframework.beans.factory.support.DefaultListableBeanFactory.preInstantiateSingletons(DefaultListableBeanFactory.java:1121) ~[spring-beans-7.0.8.jar!/:7.0.8]
app-1  | 	at org.springframework.context.support.AbstractApplicationContext.finishBeanFactoryInitialization(AbstractApplicationContext.java:994) ~[spring-context-7.0.8.jar!/:7.0.8]
app-1  | 	at org.springframework.context.support.AbstractApplicationContext.refresh(AbstractApplicationContext.java:621) ~[spring-context-7.0.8.jar!/:7.0.8]
app-1  | 	at org.springframework.boot.web.server.servlet.context.ServletWebServerApplicationContext.refresh(ServletWebServerApplicationContext.java:143) ~[spring-boot-web-server-4.1.0.jar!/:4.1.0]
app-1  | 	at org.springframework.boot.SpringApplication.refresh(SpringApplication.java:756) ~[spring-boot-4.1.0.jar!/:4.1.0]
app-1  | 	at org.springframework.boot.SpringApplication.refreshContext(SpringApplication.java:445) ~[spring-boot-4.1.0.jar!/:4.1.0]
app-1  | 	at org.springframework.boot.SpringApplication.run(SpringApplication.java:321) ~[spring-boot-4.1.0.jar!/:4.1.0]
app-1  | 	at org.springframework.boot.SpringApplication.run(SpringApplication.java:1365) ~[spring-boot-4.1.0.jar!/:4.1.0]
app-1  | 	at org.springframework.boot.SpringApplication.run(SpringApplication.java:1354) ~[spring-boot-4.1.0.jar!/:4.1.0]
app-1  | 	at com.absfitness.AbsFitnessApplication.main(AbsFitnessApplication.java:9) ~[!/:0.0.1-SNAPSHOT]
app-1  | 	at java.base/jdk.internal.reflect.NativeMethodAccessorImpl.invoke0(Native Method) ~[na:na]
app-1  | 	at java.base/jdk.internal.reflect.NativeMethodAccessorImpl.invoke(Unknown Source) ~[na:na]
app-1  | 	at java.base/jdk.internal.reflect.DelegatingMethodAccessorImpl.invoke(Unknown Source) ~[na:na]
app-1  | 	at java.base/java.lang.reflect.Method.invoke(Unknown Source) ~[na:na]
app-1  | 	at org.springframework.boot.loader.launch.Launcher.launch(Launcher.java:106) ~[app.jar:0.0.1-SNAPSHOT]
app-1  | 	at org.springframework.boot.loader.launch.Launcher.launch(Launcher.java:64) ~[app.jar:0.0.1-SNAPSHOT]
app-1  | 	at org.springframework.boot.loader.launch.JarLauncher.main(JarLauncher.java:40) ~[app.jar:0.0.1-SNAPSHOT]
app-1  | Caused by: org.springframework.beans.factory.UnsatisfiedDependencyException: Error creating bean with name 'mediaAssetService' defined in URL [jar:nested:/app/app.jar/!BOOT-INF/classes/!/com/absfitness/service/MediaAssetService.class]: Unsatisfied dependency expressed through constructor parameter 1: Error creating bean with name 'minioStorageService' defined in URL [jar:nested:/app/app.jar/!BOOT-INF/classes/!/com/absfitness/storage/MinioStorageService.class]: Unsatisfied dependency expressed through constructor parameter 0: Error creating bean with name 's3Client' defined in class path resource [com/absfitness/config/S3Config.class]: Unsatisfied dependency expressed through method 's3Client' parameter 4: Failed to convert value of type 'java.lang.String' to required type 'boolean'; Invalid boolean value [demo-placeholder]
app-1  | 	at org.springframework.beans.factory.support.ConstructorResolver.createArgumentArray(ConstructorResolver.java:804) ~[spring-beans-7.0.8.jar!/:7.0.8]
app-1  | 	at org.springframework.beans.factory.support.ConstructorResolver.autowireConstructor(ConstructorResolver.java:240) ~[spring-beans-7.0.8.jar!/:7.0.8]
app-1  | 	at org.springframework.beans.factory.support.AbstractAutowireCapableBeanFactory.autowireConstructor(AbstractAutowireCapableBeanFactory.java:1380) ~[spring-beans-7.0.8.jar!/:7.0.8]
app-1  | 	at org.springframework.beans.factory.support.AbstractAutowireCapableBeanFactory.createBeanInstance(AbstractAutowireCapableBeanFactory.java:1219) ~[spring-beans-7.0.8.jar!/:7.0.8]
app-1  | 	at org.springframework.beans.factory.support.AbstractAutowireCapableBeanFactory.doCreateBean(AbstractAutowireCapableBeanFactory.java:565) ~[spring-beans-7.0.8.jar!/:7.0.8]
app-1  | 	at org.springframework.beans.factory.support.AbstractAutowireCapableBeanFactory.createBean(AbstractAutowireCapableBeanFactory.java:525) ~[spring-beans-7.0.8.jar!/:7.0.8]
app-1  | 	at org.springframework.beans.factory.support.AbstractBeanFactory.lambda$doGetBean$0(AbstractBeanFactory.java:333) ~[spring-beans-7.0.8.jar!/:7.0.8]
app-1  | 	at org.springframework.beans.factory.support.DefaultSingletonBeanRegistry.getSingleton(DefaultSingletonBeanRegistry.java:371) ~[spring-beans-7.0.8.jar!/:7.0.8]
app-1  | 	at org.springframework.beans.factory.support.AbstractBeanFactory.doGetBean(AbstractBeanFactory.java:331) ~[spring-beans-7.0.8.jar!/:7.0.8]
app-1  | 	at org.springframework.beans.factory.support.AbstractBeanFactory.getBean(AbstractBeanFactory.java:201) ~[spring-beans-7.0.8.jar!/:7.0.8]
app-1  | 	at org.springframework.beans.factory.support.DefaultListableBeanFactory.resolveBean(DefaultListableBeanFactory.java:1232) ~[spring-beans-7.0.8.jar!/:7.0.8]
app-1  | 	at org.springframework.beans.factory.support.DefaultListableBeanFactory.doResolveDependency(DefaultListableBeanFactory.java:1711) ~[spring-beans-7.0.8.jar!/:7.0.8]
app-1  | 	at org.springframework.beans.factory.support.DefaultListableBeanFactory.resolveDependency(DefaultListableBeanFactory.java:1658) ~[spring-beans-7.0.8.jar!/:7.0.8]
app-1  | 	at org.springframework.beans.factory.support.ConstructorResolver.resolveAutowiredArgument(ConstructorResolver.java:912) ~[spring-beans-7.0.8.jar!/:7.0.8]
app-1  | 	at org.springframework.beans.factory.support.ConstructorResolver.createArgumentArray(ConstructorResolver.java:791) ~[spring-beans-7.0.8.jar!/:7.0.8]
app-1  | 	... 28 common frames omitted
app-1  | Caused by: org.springframework.beans.factory.UnsatisfiedDependencyException: Error creating bean with name 'minioStorageService' defined in URL [jar:nested:/app/app.jar/!BOOT-INF/classes/!/com/absfitness/storage/MinioStorageService.class]: Unsatisfied dependency expressed through constructor parameter 0: Error creating bean with name 's3Client' defined in class path resource [com/absfitness/config/S3Config.class]: Unsatisfied dependency expressed through method 's3Client' parameter 4: Failed to convert value of type 'java.lang.String' to required type 'boolean'; Invalid boolean value [demo-placeholder]
app-1  | 	at org.springframework.beans.factory.support.ConstructorResolver.createArgumentArray(ConstructorResolver.java:804) ~[spring-beans-7.0.8.jar!/:7.0.8]
app-1  | 	at org.springframework.beans.factory.support.ConstructorResolver.autowireConstructor(ConstructorResolver.java:240) ~[spring-beans-7.0.8.jar!/:7.0.8]
app-1  | 	at org.springframework.beans.factory.support.AbstractAutowireCapableBeanFactory.autowireConstructor(AbstractAutowireCapableBeanFactory.java:1380) ~[spring-beans-7.0.8.jar!/:7.0.8]
app-1  | 	at org.springframework.beans.factory.support.AbstractAutowireCapableBeanFactory.createBeanInstance(AbstractAutowireCapableBeanFactory.java:1219) ~[spring-beans-7.0.8.jar!/:7.0.8]
app-1  | 	at org.springframework.beans.factory.support.AbstractAutowireCapableBeanFactory.doCreateBean(AbstractAutowireCapableBeanFactory.java:565) ~[spring-beans-7.0.8.jar!/:7.0.8]
app-1  | 	at org.springframework.beans.factory.support.AbstractAutowireCapableBeanFactory.createBean(AbstractAutowireCapableBeanFactory.java:525) ~[spring-beans-7.0.8.jar!/:7.0.8]
app-1  | 	at org.springframework.beans.factory.support.AbstractBeanFactory.lambda$doGetBean$0(AbstractBeanFactory.java:333) ~[spring-beans-7.0.8.jar!/:7.0.8]
app-1  | 	at org.springframework.beans.factory.support.DefaultSingletonBeanRegistry.getSingleton(DefaultSingletonBeanRegistry.java:371) ~[spring-beans-7.0.8.jar!/:7.0.8]
app-1  | 	at org.springframework.beans.factory.support.AbstractBeanFactory.doGetBean(AbstractBeanFactory.java:331) ~[spring-beans-7.0.8.jar!/:7.0.8]
app-1  | 	at org.springframework.beans.factory.support.AbstractBeanFactory.getBean(AbstractBeanFactory.java:201) ~[spring-beans-7.0.8.jar!/:7.0.8]
app-1  | 	at org.springframework.beans.factory.config.DependencyDescriptor.resolveCandidate(DependencyDescriptor.java:229) ~[spring-beans-7.0.8.jar!/:7.0.8]
app-1  | 	at org.springframework.beans.factory.support.DefaultListableBeanFactory.doResolveDependency(DefaultListableBeanFactory.java:1769) ~[spring-beans-7.0.8.jar!/:7.0.8]
app-1  | 	at org.springframework.beans.factory.support.DefaultListableBeanFactory.resolveDependency(DefaultListableBeanFactory.java:1658) ~[spring-beans-7.0.8.jar!/:7.0.8]
app-1  | 	at org.springframework.beans.factory.support.ConstructorResolver.resolveAutowiredArgument(ConstructorResolver.java:912) ~[spring-beans-7.0.8.jar!/:7.0.8]
app-1  | 	at org.springframework.beans.factory.support.ConstructorResolver.createArgumentArray(ConstructorResolver.java:791) ~[spring-beans-7.0.8.jar!/:7.0.8]
app-1  | 	... 42 common frames omitted
app-1  | Caused by: org.springframework.beans.factory.UnsatisfiedDependencyException: Error creating bean with name 's3Client' defined in class path resource [com/absfitness/config/S3Config.class]: Unsatisfied dependency expressed through method 's3Client' parameter 4: Failed to convert value of type 'java.lang.String' to required type 'boolean'; Invalid boolean value [demo-placeholder]
app-1  | 	at org.springframework.beans.factory.support.ConstructorResolver.createArgumentArray(ConstructorResolver.java:804) ~[spring-beans-7.0.8.jar!/:7.0.8]
app-1  | 	at org.springframework.beans.factory.support.ConstructorResolver.instantiateUsingFactoryMethod(ConstructorResolver.java:546) ~[spring-beans-7.0.8.jar!/:7.0.8]
app-1  | 	at org.springframework.beans.factory.support.AbstractAutowireCapableBeanFactory.instantiateUsingFactoryMethod(AbstractAutowireCapableBeanFactory.java:1360) ~[spring-beans-7.0.8.jar!/:7.0.8]
app-1  | 	at org.springframework.beans.factory.support.AbstractAutowireCapableBeanFactory.createBeanInstance(AbstractAutowireCapableBeanFactory.java:1192) ~[spring-beans-7.0.8.jar!/:7.0.8]
app-1  | 	at org.springframework.beans.factory.support.AbstractAutowireCapableBeanFactory.doCreateBean(AbstractAutowireCapableBeanFactory.java:565) ~[spring-beans-7.0.8.jar!/:7.0.8]
app-1  | 	at org.springframework.beans.factory.support.AbstractAutowireCapableBeanFactory.createBean(AbstractAutowireCapableBeanFactory.java:525) ~[spring-beans-7.0.8.jar!/:7.0.8]
app-1  | 	at org.springframework.beans.factory.support.AbstractBeanFactory.lambda$doGetBean$0(AbstractBeanFactory.java:333) ~[spring-beans-7.0.8.jar!/:7.0.8]
app-1  | 	at org.springframework.beans.factory.support.DefaultSingletonBeanRegistry.getSingleton(DefaultSingletonBeanRegistry.java:371) ~[spring-beans-7.0.8.jar!/:7.0.8]
app-1  | 	at org.springframework.beans.factory.support.AbstractBeanFactory.doGetBean(AbstractBeanFactory.java:331) ~[spring-beans-7.0.8.jar!/:7.0.8]
app-1  | 	at org.springframework.beans.factory.support.AbstractBeanFactory.getBean(AbstractBeanFactory.java:201) ~[spring-beans-7.0.8.jar!/:7.0.8]
app-1  | 	at org.springframework.beans.factory.config.DependencyDescriptor.resolveCandidate(DependencyDescriptor.java:229) ~[spring-beans-7.0.8.jar!/:7.0.8]
app-1  | 	at org.springframework.beans.factory.support.DefaultListableBeanFactory.doResolveDependency(DefaultListableBeanFactory.java:1769) ~[spring-beans-7.0.8.jar!/:7.0.8]
app-1  | 	at org.springframework.beans.factory.support.DefaultListableBeanFactory.resolveDependency(DefaultListableBeanFactory.java:1658) ~[spring-beans-7.0.8.jar!/:7.0.8]
app-1  | 	at org.springframework.beans.factory.support.ConstructorResolver.resolveAutowiredArgument(ConstructorResolver.java:912) ~[spring-beans-7.0.8.jar!/:7.0.8]
app-1  | 	at org.springframework.beans.factory.support.ConstructorResolver.createArgumentArray(ConstructorResolver.java:791) ~[spring-beans-7.0.8.jar!/:7.0.8]
app-1  | 	... 56 common frames omitted
app-1  | Caused by: org.springframework.beans.TypeMismatchException: Failed to convert value of type 'java.lang.String' to required type 'boolean'; Invalid boolean value [demo-placeholder]
app-1  | 	at org.springframework.beans.TypeConverterSupport.convertIfNecessary(TypeConverterSupport.java:82) ~[spring-beans-7.0.8.jar!/:7.0.8]
app-1  | 	at org.springframework.beans.TypeConverterSupport.convertIfNecessary(TypeConverterSupport.java:67) ~[spring-beans-7.0.8.jar!/:7.0.8]
app-1  | 	at org.springframework.beans.factory.support.DefaultListableBeanFactory.doResolveDependency(DefaultListableBeanFactory.java:1686) ~[spring-beans-7.0.8.jar!/:7.0.8]
app-1  | 	at org.springframework.beans.factory.support.DefaultListableBeanFactory.resolveDependency(DefaultListableBeanFactory.java:1658) ~[spring-beans-7.0.8.jar!/:7.0.8]
app-1  | 	at org.springframework.beans.factory.support.ConstructorResolver.resolveAutowiredArgument(ConstructorResolver.java:912) ~[spring-beans-7.0.8.jar!/:7.0.8]
app-1  | 	at org.springframework.beans.factory.support.ConstructorResolver.createArgumentArray(ConstructorResolver.java:791) ~[spring-beans-7.0.8.jar!/:7.0.8]
app-1  | 	... 70 common frames omitted
app-1  | Caused by: java.lang.IllegalArgumentException: Invalid boolean value [demo-placeholder]
app-1  | 	at org.springframework.beans.propertyeditors.CustomBooleanEditor.setAsText(CustomBooleanEditor.java:153) ~[spring-beans-7.0.8.jar!/:7.0.8]
app-1  | 	at org.springframework.beans.TypeConverterDelegate.doConvertTextValue(TypeConverterDelegate.java:434) ~[spring-beans-7.0.8.jar!/:7.0.8]
app-1  | 	at org.springframework.beans.TypeConverterDelegate.doConvertValue(TypeConverterDelegate.java:407) ~[spring-beans-7.0.8.jar!/:7.0.8]
app-1  | 	at org.springframework.beans.TypeConverterDelegate.convertIfNecessary(TypeConverterDelegate.java:158) ~[spring-beans-7.0.8.jar!/:7.0.8]
app-1  | 	at org.springframework.beans.TypeConverterSupport.convertIfNecessary(TypeConverterSupport.java:75) ~[spring-beans-7.0.8.jar!/:7.0.8]
app-1  | 	... 75 common frames omitted
app-1  | 
app-1  | 
app-1  |   .   ____          _            __ _ _
app-1  |  /\\ / ___'_ __ _ _(_)_ __  __ _ \ \ \ \
app-1  | ( ( )\___ | '_ | '_| | '_ \/ _` | \ \ \ \
app-1  |  \\/  ___)| |_)| | | | | || (_| |  ) ) ) )
app-1  |   '  |____| .__|_| |_|_| |_\__, | / / / /
app-1  |  =========|_|==============|___/=/_/_/_/
app-1  | 
app-1  |  :: Spring Boot ::                (v4.1.0)
app-1  | 
app-1  | 2026-08-23T16:39:34.937Z  INFO 1 --- [absfitness] [           main] com.absfitness.AbsFitnessApplication     : Starting AbsFitnessApplication v0.0.1-SNAPSHOT using Java 17.0.19 with PID 1 (/app/app.jar started by app in /app)
app-1  | 2026-08-23T16:39:34.939Z  INFO 1 --- [absfitness] [           main] com.absfitness.AbsFitnessApplication     : No active profile set, falling back to 1 default profile: "default"
app-1  | 2026-08-23T16:39:35.403Z  INFO 1 --- [absfitness] [           main] .s.d.r.c.RepositoryConfigurationDelegate : Bootstrapping Spring Data JPA repositories in DEFAULT mode.
app-1  | 2026-08-23T16:39:35.434Z  INFO 1 --- [absfitness] [           main] .s.d.r.c.RepositoryConfigurationDelegate : Finished Spring Data repository scanning in 27 ms. Found 10 JPA repository interfaces.
app-1  | 2026-08-23T16:39:35.734Z  INFO 1 --- [absfitness] [           main] o.s.boot.tomcat.TomcatWebServer          : Tomcat initialized with port 8080 (http)
app-1  | 2026-08-23T16:39:35.740Z  INFO 1 --- [absfitness] [           main] o.apache.catalina.core.StandardService   : Starting service [Tomcat]
app-1  | 2026-08-23T16:39:35.740Z  INFO 1 --- [absfitness] [           main] o.apache.catalina.core.StandardEngine    : Starting Servlet engine: [Apache Tomcat/11.0.22]
app-1  | 2026-08-23T16:39:35.758Z  INFO 1 --- [absfitness] [           main] b.w.c.s.WebApplicationContextInitializer : Root WebApplicationContext: initialization completed in 792 ms
app-1  | 2026-08-23T16:39:35.921Z  INFO 1 --- [absfitness] [           main] org.hibernate.orm.jpa                    : HHH008540: Processing PersistenceUnitInfo [name: default]
app-1  | 2026-08-23T16:39:35.948Z  INFO 1 --- [absfitness] [           main] org.hibernate.orm.core                   : HHH000001: Hibernate ORM core version 7.4.1.Final
app-1  | 2026-08-23T16:39:36.158Z  INFO 1 --- [absfitness] [           main] o.s.o.j.p.SpringPersistenceUnitInfo      : No LoadTimeWeaver setup: ignoring JPA class transformer
app-1  | 2026-08-23T16:39:36.171Z  INFO 1 --- [absfitness] [           main] com.zaxxer.hikari.HikariDataSource       : HikariPool-1 - Starting...
app-1  | 2026-08-23T16:39:36.267Z  INFO 1 --- [absfitness] [           main] com.zaxxer.hikari.pool.HikariPool        : HikariPool-1 - Added connection org.postgresql.jdbc.PgConnection@350e3fb4
app-1  | 2026-08-23T16:39:36.268Z  INFO 1 --- [absfitness] [           main] com.zaxxer.hikari.HikariDataSource       : HikariPool-1 - Start completed.
app-1  | 2026-08-23T16:39:36.285Z  WARN 1 --- [absfitness] [           main] org.hibernate.orm.deprecation            : HHH90000025: PostgreSQLDialect does not need to be specified explicitly using 'hibernate.dialect' (remove the property setting and it will be selected by default)
app-1  | 2026-08-23T16:39:36.298Z  INFO 1 --- [absfitness] [           main] org.hibernate.orm.connections.pooling    : HHH10001005: Database info:
app-1  | 	Database JDBC URL [jdbc:postgresql://db:5432/absfitness]
app-1  | 	Database driver: PostgreSQL JDBC Driver
app-1  | 	Database dialect: PostgreSQLDialect
app-1  | 	Database version: 16.14
app-1  | 	Default catalog/schema: absfitness/public
app-1  | 	Autocommit mode: undefined/unknown
app-1  | 	Isolation level: READ_COMMITTED [default READ_COMMITTED]
app-1  | 	JDBC fetch size: none
app-1  | 	Pool: DataSourceConnectionProvider
app-1  | 	Minimum pool size: undefined/unknown
app-1  | 	Maximum pool size: undefined/unknown
app-1  | 2026-08-23T16:39:36.869Z  INFO 1 --- [absfitness] [           main] org.hibernate.orm.core                   : HHH000489: No JTA platform available (set 'hibernate.transaction.jta.platform' to enable JTA platform integration)
app-1  | 2026-08-23T16:39:36.904Z  INFO 1 --- [absfitness] [           main] j.LocalContainerEntityManagerFactoryBean : Initialized JPA EntityManagerFactory for persistence unit 'default'
app-1  | 2026-08-23T16:39:36.936Z  INFO 1 --- [absfitness] [           main] o.s.d.j.r.query.QueryEnhancerFactories   : Hibernate is in classpath; If applicable, HQL parser will be used.
app-1  | 2026-08-23T16:39:37.023Z  INFO 1 --- [absfitness] [           main] eAuthenticationProviderManagerConfigurer : Global AuthenticationManager configured with AuthenticationProvider bean with name authenticationProvider
app-1  | 2026-08-23T16:39:37.024Z  WARN 1 --- [absfitness] [           main] r$InitializeUserDetailsManagerConfigurer : Global AuthenticationManager configured with an AuthenticationProvider bean. UserDetailsService beans will not be used by Spring Security for automatically configuring username/password login. Consider removing the AuthenticationProvider bean. Alternatively, consider using the UserDetailsService in a manually instantiated DaoAuthenticationProvider. If the current configuration is intentional, to turn off this warning, increase the logging level of 'org.springframework.security.config.annotation.authentication.configuration.InitializeUserDetailsBeanManagerConfigurer' to ERROR
app-1  | 2026-08-23T16:39:37.294Z  WARN 1 --- [absfitness] [           main] ConfigServletWebServerApplicationContext : Exception encountered during context initialization - cancelling refresh attempt: org.springframework.beans.factory.UnsatisfiedDependencyException: Error creating bean with name 'galleryController' defined in URL [jar:nested:/app/app.jar/!BOOT-INF/classes/!/com/absfitness/controller/GalleryController.class]: Unsatisfied dependency expressed through constructor parameter 0: Error creating bean with name 'mediaAssetService' defined in URL [jar:nested:/app/app.jar/!BOOT-INF/classes/!/com/absfitness/service/MediaAssetService.class]: Unsatisfied dependency expressed through constructor parameter 1: Error creating bean with name 'minioStorageService' defined in URL [jar:nested:/app/app.jar/!BOOT-INF/classes/!/com/absfitness/storage/MinioStorageService.class]: Unsatisfied dependency expressed through constructor parameter 0: Error creating bean with name 's3Client' defined in class path resource [com/absfitness/config/S3Config.class]: Unsatisfied dependency expressed through method 's3Client' parameter 4: Failed to convert value of type 'java.lang.String' to required type 'boolean'; Invalid boolean value [demo-placeholder]
app-1  | 2026-08-23T16:39:37.295Z  INFO 1 --- [absfitness] [           main] j.LocalContainerEntityManagerFactoryBean : Closing JPA EntityManagerFactory for persistence unit 'default'
app-1  | 2026-08-23T16:39:37.296Z  INFO 1 --- [absfitness] [           main] com.zaxxer.hikari.HikariDataSource       : HikariPool-1 - Shutdown initiated...
app-1  | 2026-08-23T16:39:37.297Z  INFO 1 --- [absfitness] [           main] com.zaxxer.hikari.HikariDataSource       : HikariPool-1 - Shutdown completed.
app-1  | 2026-08-23T16:39:37.300Z  INFO 1 --- [absfitness] [           main] o.apache.catalina.core.StandardService   : Stopping service [Tomcat]
app-1  | 2026-08-23T16:39:37.307Z  INFO 1 --- [absfitness] [           main] .s.b.a.l.ConditionEvaluationReportLogger : 
app-1  | 
app-1  | Error starting ApplicationContext. To display the condition evaluation report re-run your application with 'debug' enabled.
app-1  | 2026-08-23T16:39:37.319Z ERROR 1 --- [absfitness] [           main] o.s.boot.SpringApplication               : Application run failed
app-1  | 
app-1  | org.springframework.beans.factory.UnsatisfiedDependencyException: Error creating bean with name 'galleryController' defined in URL [jar:nested:/app/app.jar/!BOOT-INF/classes/!/com/absfitness/controller/GalleryController.class]: Unsatisfied dependency expressed through constructor parameter 0: Error creating bean with name 'mediaAssetService' defined in URL [jar:nested:/app/app.jar/!BOOT-INF/classes/!/com/absfitness/service/MediaAssetService.class]: Unsatisfied dependency expressed through constructor parameter 1: Error creating bean with name 'minioStorageService' defined in URL [jar:nested:/app/app.jar/!BOOT-INF/classes/!/com/absfitness/storage/MinioStorageService.class]: Unsatisfied dependency expressed through constructor parameter 0: Error creating bean with name 's3Client' defined in class path resource [com/absfitness/config/S3Config.class]: Unsatisfied dependency expressed through method 's3Client' parameter 4: Failed to convert value of type 'java.lang.String' to required type 'boolean'; Invalid boolean value [demo-placeholder]
app-1  | 	at org.springframework.beans.factory.support.ConstructorResolver.createArgumentArray(ConstructorResolver.java:804) ~[spring-beans-7.0.8.jar!/:7.0.8]
app-1  | 	at org.springframework.beans.factory.support.ConstructorResolver.autowireConstructor(ConstructorResolver.java:240) ~[spring-beans-7.0.8.jar!/:7.0.8]
app-1  | 	at org.springframework.beans.factory.support.AbstractAutowireCapableBeanFactory.autowireConstructor(AbstractAutowireCapableBeanFactory.java:1380) ~[spring-beans-7.0.8.jar!/:7.0.8]
app-1  | 	at org.springframework.beans.factory.support.AbstractAutowireCapableBeanFactory.createBeanInstance(AbstractAutowireCapableBeanFactory.java:1219) ~[spring-beans-7.0.8.jar!/:7.0.8]
app-1  | 	at org.springframework.beans.factory.support.AbstractAutowireCapableBeanFactory.doCreateBean(AbstractAutowireCapableBeanFactory.java:565) ~[spring-beans-7.0.8.jar!/:7.0.8]
app-1  | 	at org.springframework.beans.factory.support.AbstractAutowireCapableBeanFactory.createBean(AbstractAutowireCapableBeanFactory.java:525) ~[spring-beans-7.0.8.jar!/:7.0.8]
app-1  | 	at org.springframework.beans.factory.support.AbstractBeanFactory.lambda$doGetBean$0(AbstractBeanFactory.java:333) ~[spring-beans-7.0.8.jar!/:7.0.8]
app-1  | 	at org.springframework.beans.factory.support.DefaultSingletonBeanRegistry.getSingleton(DefaultSingletonBeanRegistry.java:371) ~[spring-beans-7.0.8.jar!/:7.0.8]
app-1  | 	at org.springframework.beans.factory.support.AbstractBeanFactory.doGetBean(AbstractBeanFactory.java:331) ~[spring-beans-7.0.8.jar!/:7.0.8]
app-1  | 	at org.springframework.beans.factory.support.AbstractBeanFactory.getBean(AbstractBeanFactory.java:196) ~[spring-beans-7.0.8.jar!/:7.0.8]
app-1  | 	at org.springframework.beans.factory.support.DefaultListableBeanFactory.instantiateSingleton(DefaultListableBeanFactory.java:1225) ~[spring-beans-7.0.8.jar!/:7.0.8]
app-1  | 	at org.springframework.beans.factory.support.DefaultListableBeanFactory.preInstantiateSingleton(DefaultListableBeanFactory.java:1191) ~[spring-beans-7.0.8.jar!/:7.0.8]
app-1  | 	at org.springframework.beans.factory.support.DefaultListableBeanFactory.preInstantiateSingletons(DefaultListableBeanFactory.java:1121) ~[spring-beans-7.0.8.jar!/:7.0.8]
app-1  | 	at org.springframework.context.support.AbstractApplicationContext.finishBeanFactoryInitialization(AbstractApplicationContext.java:994) ~[spring-context-7.0.8.jar!/:7.0.8]
app-1  | 	at org.springframework.context.support.AbstractApplicationContext.refresh(AbstractApplicationContext.java:621) ~[spring-context-7.0.8.jar!/:7.0.8]
app-1  | 	at org.springframework.boot.web.server.servlet.context.ServletWebServerApplicationContext.refresh(ServletWebServerApplicationContext.java:143) ~[spring-boot-web-server-4.1.0.jar!/:4.1.0]
app-1  | 	at org.springframework.boot.SpringApplication.refresh(SpringApplication.java:756) ~[spring-boot-4.1.0.jar!/:4.1.0]
app-1  | 	at org.springframework.boot.SpringApplication.refreshContext(SpringApplication.java:445) ~[spring-boot-4.1.0.jar!/:4.1.0]
app-1  | 	at org.springframework.boot.SpringApplication.run(SpringApplication.java:321) ~[spring-boot-4.1.0.jar!/:4.1.0]
app-1  | 	at org.springframework.boot.SpringApplication.run(SpringApplication.java:1365) ~[spring-boot-4.1.0.jar!/:4.1.0]
app-1  | 	at org.springframework.boot.SpringApplication.run(SpringApplication.java:1354) ~[spring-boot-4.1.0.jar!/:4.1.0]
app-1  | 	at com.absfitness.AbsFitnessApplication.main(AbsFitnessApplication.java:9) ~[!/:0.0.1-SNAPSHOT]
app-1  | 	at java.base/jdk.internal.reflect.NativeMethodAccessorImpl.invoke0(Native Method) ~[na:na]
app-1  | 	at java.base/jdk.internal.reflect.NativeMethodAccessorImpl.invoke(Unknown Source) ~[na:na]
app-1  | 	at java.base/jdk.internal.reflect.DelegatingMethodAccessorImpl.invoke(Unknown Source) ~[na:na]
app-1  | 	at java.base/java.lang.reflect.Method.invoke(Unknown Source) ~[na:na]
app-1  | 	at org.springframework.boot.loader.launch.Launcher.launch(Launcher.java:106) ~[app.jar:0.0.1-SNAPSHOT]
app-1  | 	at org.springframework.boot.loader.launch.Launcher.launch(Launcher.java:64) ~[app.jar:0.0.1-SNAPSHOT]
app-1  | 	at org.springframework.boot.loader.launch.JarLauncher.main(JarLauncher.java:40) ~[app.jar:0.0.1-SNAPSHOT]
app-1  | Caused by: org.springframework.beans.factory.UnsatisfiedDependencyException: Error creating bean with name 'mediaAssetService' defined in URL [jar:nested:/app/app.jar/!BOOT-INF/classes/!/com/absfitness/service/MediaAssetService.class]: Unsatisfied dependency expressed through constructor parameter 1: Error creating bean with name 'minioStorageService' defined in URL [jar:nested:/app/app.jar/!BOOT-INF/classes/!/com/absfitness/storage/MinioStorageService.class]: Unsatisfied dependency expressed through constructor parameter 0: Error creating bean with name 's3Client' defined in class path resource [com/absfitness/config/S3Config.class]: Unsatisfied dependency expressed through method 's3Client' parameter 4: Failed to convert value of type 'java.lang.String' to required type 'boolean'; Invalid boolean value [demo-placeholder]
app-1  | 	at org.springframework.beans.factory.support.ConstructorResolver.createArgumentArray(ConstructorResolver.java:804) ~[spring-beans-7.0.8.jar!/:7.0.8]
app-1  | 	at org.springframework.beans.factory.support.ConstructorResolver.autowireConstructor(ConstructorResolver.java:240) ~[spring-beans-7.0.8.jar!/:7.0.8]
app-1  | 	at org.springframework.beans.factory.support.AbstractAutowireCapableBeanFactory.autowireConstructor(AbstractAutowireCapableBeanFactory.java:1380) ~[spring-beans-7.0.8.jar!/:7.0.8]
app-1  | 	at org.springframework.beans.factory.support.AbstractAutowireCapableBeanFactory.createBeanInstance(AbstractAutowireCapableBeanFactory.java:1219) ~[spring-beans-7.0.8.jar!/:7.0.8]
app-1  | 	at org.springframework.beans.factory.support.AbstractAutowireCapableBeanFactory.doCreateBean(AbstractAutowireCapableBeanFactory.java:565) ~[spring-beans-7.0.8.jar!/:7.0.8]
app-1  | 	at org.springframework.beans.factory.support.AbstractAutowireCapableBeanFactory.createBean(AbstractAutowireCapableBeanFactory.java:525) ~[spring-beans-7.0.8.jar!/:7.0.8]
app-1  | 	at org.springframework.beans.factory.support.AbstractBeanFactory.lambda$doGetBean$0(AbstractBeanFactory.java:333) ~[spring-beans-7.0.8.jar!/:7.0.8]
app-1  | 	at org.springframework.beans.factory.support.DefaultSingletonBeanRegistry.getSingleton(DefaultSingletonBeanRegistry.java:371) ~[spring-beans-7.0.8.jar!/:7.0.8]
app-1  | 	at org.springframework.beans.factory.support.AbstractBeanFactory.doGetBean(AbstractBeanFactory.java:331) ~[spring-beans-7.0.8.jar!/:7.0.8]
app-1  | 	at org.springframework.beans.factory.support.AbstractBeanFactory.getBean(AbstractBeanFactory.java:201) ~[spring-beans-7.0.8.jar!/:7.0.8]
app-1  | 	at org.springframework.beans.factory.support.DefaultListableBeanFactory.resolveBean(DefaultListableBeanFactory.java:1232) ~[spring-beans-7.0.8.jar!/:7.0.8]
app-1  | 	at org.springframework.beans.factory.support.DefaultListableBeanFactory.doResolveDependency(DefaultListableBeanFactory.java:1711) ~[spring-beans-7.0.8.jar!/:7.0.8]
app-1  | 	at org.springframework.beans.factory.support.DefaultListableBeanFactory.resolveDependency(DefaultListableBeanFactory.java:1658) ~[spring-beans-7.0.8.jar!/:7.0.8]
app-1  | 	at org.springframework.beans.factory.support.ConstructorResolver.resolveAutowiredArgument(ConstructorResolver.java:912) ~[spring-beans-7.0.8.jar!/:7.0.8]
app-1  | 	at org.springframework.beans.factory.support.ConstructorResolver.createArgumentArray(ConstructorResolver.java:791) ~[spring-beans-7.0.8.jar!/:7.0.8]
app-1  | 	... 28 common frames omitted
app-1  | Caused by: org.springframework.beans.factory.UnsatisfiedDependencyException: Error creating bean with name 'minioStorageService' defined in URL [jar:nested:/app/app.jar/!BOOT-INF/classes/!/com/absfitness/storage/MinioStorageService.class]: Unsatisfied dependency expressed through constructor parameter 0: Error creating bean with name 's3Client' defined in class path resource [com/absfitness/config/S3Config.class]: Unsatisfied dependency expressed through method 's3Client' parameter 4: Failed to convert value of type 'java.lang.String' to required type 'boolean'; Invalid boolean value [demo-placeholder]
app-1  | 	at org.springframework.beans.factory.support.ConstructorResolver.createArgumentArray(ConstructorResolver.java:804) ~[spring-beans-7.0.8.jar!/:7.0.8]
app-1  | 	at org.springframework.beans.factory.support.ConstructorResolver.autowireConstructor(ConstructorResolver.java:240) ~[spring-beans-7.0.8.jar!/:7.0.8]
app-1  | 	at org.springframework.beans.factory.support.AbstractAutowireCapableBeanFactory.autowireConstructor(AbstractAutowireCapableBeanFactory.java:1380) ~[spring-beans-7.0.8.jar!/:7.0.8]
app-1  | 	at org.springframework.beans.factory.support.AbstractAutowireCapableBeanFactory.createBeanInstance(AbstractAutowireCapableBeanFactory.java:1219) ~[spring-beans-7.0.8.jar!/:7.0.8]
app-1  | 	at org.springframework.beans.factory.support.AbstractAutowireCapableBeanFactory.doCreateBean(AbstractAutowireCapableBeanFactory.java:565) ~[spring-beans-7.0.8.jar!/:7.0.8]
app-1  | 	at org.springframework.beans.factory.support.AbstractAutowireCapableBeanFactory.createBean(AbstractAutowireCapableBeanFactory.java:525) ~[spring-beans-7.0.8.jar!/:7.0.8]
app-1  | 	at org.springframework.beans.factory.support.AbstractBeanFactory.lambda$doGetBean$0(AbstractBeanFactory.java:333) ~[spring-beans-7.0.8.jar!/:7.0.8]
app-1  | 	at org.springframework.beans.factory.support.DefaultSingletonBeanRegistry.getSingleton(DefaultSingletonBeanRegistry.java:371) ~[spring-beans-7.0.8.jar!/:7.0.8]
app-1  | 	at org.springframework.beans.factory.support.AbstractBeanFactory.doGetBean(AbstractBeanFactory.java:331) ~[spring-beans-7.0.8.jar!/:7.0.8]
app-1  | 	at org.springframework.beans.factory.support.AbstractBeanFactory.getBean(AbstractBeanFactory.java:201) ~[spring-beans-7.0.8.jar!/:7.0.8]
app-1  | 	at org.springframework.beans.factory.config.DependencyDescriptor.resolveCandidate(DependencyDescriptor.java:229) ~[spring-beans-7.0.8.jar!/:7.0.8]
app-1  | 	at org.springframework.beans.factory.support.DefaultListableBeanFactory.doResolveDependency(DefaultListableBeanFactory.java:1769) ~[spring-beans-7.0.8.jar!/:7.0.8]
app-1  | 	at org.springframework.beans.factory.support.DefaultListableBeanFactory.resolveDependency(DefaultListableBeanFactory.java:1658) ~[spring-beans-7.0.8.jar!/:7.0.8]
app-1  | 	at org.springframework.beans.factory.support.ConstructorResolver.resolveAutowiredArgument(ConstructorResolver.java:912) ~[spring-beans-7.0.8.jar!/:7.0.8]
app-1  | 	at org.springframework.beans.factory.support.ConstructorResolver.createArgumentArray(ConstructorResolver.java:791) ~[spring-beans-7.0.8.jar!/:7.0.8]
app-1  | 	... 42 common frames omitted
app-1  | Caused by: org.springframework.beans.factory.UnsatisfiedDependencyException: Error creating bean with name 's3Client' defined in class path resource [com/absfitness/config/S3Config.class]: Unsatisfied dependency expressed through method 's3Client' parameter 4: Failed to convert value of type 'java.lang.String' to required type 'boolean'; Invalid boolean value [demo-placeholder]
app-1  | 	at org.springframework.beans.factory.support.ConstructorResolver.createArgumentArray(ConstructorResolver.java:804) ~[spring-beans-7.0.8.jar!/:7.0.8]
app-1  | 	at org.springframework.beans.factory.support.ConstructorResolver.instantiateUsingFactoryMethod(ConstructorResolver.java:546) ~[spring-beans-7.0.8.jar!/:7.0.8]
app-1  | 	at org.springframework.beans.factory.support.AbstractAutowireCapableBeanFactory.instantiateUsingFactoryMethod(AbstractAutowireCapableBeanFactory.java:1360) ~[spring-beans-7.0.8.jar!/:7.0.8]
app-1  | 	at org.springframework.beans.factory.support.AbstractAutowireCapableBeanFactory.createBeanInstance(AbstractAutowireCapableBeanFactory.java:1192) ~[spring-beans-7.0.8.jar!/:7.0.8]
app-1  | 	at org.springframework.beans.factory.support.AbstractAutowireCapableBeanFactory.doCreateBean(AbstractAutowireCapableBeanFactory.java:565) ~[spring-beans-7.0.8.jar!/:7.0.8]
app-1  | 	at org.springframework.beans.factory.support.AbstractAutowireCapableBeanFactory.createBean(AbstractAutowireCapableBeanFactory.java:525) ~[spring-beans-7.0.8.jar!/:7.0.8]
app-1  | 	at org.springframework.beans.factory.support.AbstractBeanFactory.lambda$doGetBean$0(AbstractBeanFactory.java:333) ~[spring-beans-7.0.8.jar!/:7.0.8]
app-1  | 	at org.springframework.beans.factory.support.DefaultSingletonBeanRegistry.getSingleton(DefaultSingletonBeanRegistry.java:371) ~[spring-beans-7.0.8.jar!/:7.0.8]
app-1  | 	at org.springframework.beans.factory.support.AbstractBeanFactory.doGetBean(AbstractBeanFactory.java:331) ~[spring-beans-7.0.8.jar!/:7.0.8]
app-1  | 	at org.springframework.beans.factory.support.AbstractBeanFactory.getBean(AbstractBeanFactory.java:201) ~[spring-beans-7.0.8.jar!/:7.0.8]
app-1  | 	at org.springframework.beans.factory.config.DependencyDescriptor.resolveCandidate(DependencyDescriptor.java:229) ~[spring-beans-7.0.8.jar!/:7.0.8]
app-1  | 	at org.springframework.beans.factory.support.DefaultListableBeanFactory.doResolveDependency(DefaultListableBeanFactory.java:1769) ~[spring-beans-7.0.8.jar!/:7.0.8]
app-1  | 	at org.springframework.beans.factory.support.DefaultListableBeanFactory.resolveDependency(DefaultListableBeanFactory.java:1658) ~[spring-beans-7.0.8.jar!/:7.0.8]
app-1  | 	at org.springframework.beans.factory.support.ConstructorResolver.resolveAutowiredArgument(ConstructorResolver.java:912) ~[spring-beans-7.0.8.jar!/:7.0.8]
app-1  | 	at org.springframework.beans.factory.support.ConstructorResolver.createArgumentArray(ConstructorResolver.java:791) ~[spring-beans-7.0.8.jar!/:7.0.8]
app-1  | 	... 56 common frames omitted
app-1  | Caused by: org.springframework.beans.TypeMismatchException: Failed to convert value of type 'java.lang.String' to required type 'boolean'; Invalid boolean value [demo-placeholder]
app-1  | 	at org.springframework.beans.TypeConverterSupport.convertIfNecessary(TypeConverterSupport.java:82) ~[spring-beans-7.0.8.jar!/:7.0.8]
app-1  | 	at org.springframework.beans.TypeConverterSupport.convertIfNecessary(TypeConverterSupport.java:67) ~[spring-beans-7.0.8.jar!/:7.0.8]
app-1  | 	at org.springframework.beans.factory.support.DefaultListableBeanFactory.doResolveDependency(DefaultListableBeanFactory.java:1686) ~[spring-beans-7.0.8.jar!/:7.0.8]
app-1  | 	at org.springframework.beans.factory.support.DefaultListableBeanFactory.resolveDependency(DefaultListableBeanFactory.java:1658) ~[spring-beans-7.0.8.jar!/:7.0.8]
app-1  | 	at org.springframework.beans.factory.support.ConstructorResolver.resolveAutowiredArgument(ConstructorResolver.java:912) ~[spring-beans-7.0.8.jar!/:7.0.8]
app-1  | 	at org.springframework.beans.factory.support.ConstructorResolver.createArgumentArray(ConstructorResolver.java:791) ~[spring-beans-7.0.8.jar!/:7.0.8]
app-1  | 	... 70 common frames omitted
app-1  | Caused by: java.lang.IllegalArgumentException: Invalid boolean value [demo-placeholder]
app-1  | 	at org.springframework.beans.propertyeditors.CustomBooleanEditor.setAsText(CustomBooleanEditor.java:153) ~[spring-beans-7.0.8.jar!/:7.0.8]
app-1  | 	at org.springframework.beans.TypeConverterDelegate.doConvertTextValue(TypeConverterDelegate.java:434) ~[spring-beans-7.0.8.jar!/:7.0.8]
app-1  | 	at org.springframework.beans.TypeConverterDelegate.doConvertValue(TypeConverterDelegate.java:407) ~[spring-beans-7.0.8.jar!/:7.0.8]
app-1  | 	at org.springframework.beans.TypeConverterDelegate.convertIfNecessary(TypeConverterDelegate.java:158) ~[spring-beans-7.0.8.jar!/:7.0.8]
app-1  | 	at org.springframework.beans.TypeConverterSupport.convertIfNecessary(TypeConverterSupport.java:75) ~[spring-beans-7.0.8.jar!/:7.0.8]
app-1  | 	... 75 common frames omitted
app-1  | 
app-1  | 
app-1  |   .   ____          _            __ _ _
app-1  |  /\\ / ___'_ __ _ _(_)_ __  __ _ \ \ \ \
app-1  | ( ( )\___ | '_ | '_| | '_ \/ _` | \ \ \ \
app-1  |  \\/  ___)| |_)| | | | | || (_| |  ) ) ) )
app-1  |   '  |____| .__|_| |_|_| |_\__, | / / / /
app-1  |  =========|_|==============|___/=/_/_/_/
app-1  | 
app-1  |  :: Spring Boot ::                (v4.1.0)
app-1  | 
app-1  | 2026-08-23T16:39:44.256Z  INFO 1 --- [absfitness] [           main] com.absfitness.AbsFitnessApplication     : Starting AbsFitnessApplication v0.0.1-SNAPSHOT using Java 17.0.19 with PID 1 (/app/app.jar started by app in /app)
app-1  | 2026-08-23T16:39:44.257Z  INFO 1 --- [absfitness] [           main] com.absfitness.AbsFitnessApplication     : No active profile set, falling back to 1 default profile: "default"
app-1  | 2026-08-23T16:39:44.685Z  INFO 1 --- [absfitness] [           main] .s.d.r.c.RepositoryConfigurationDelegate : Bootstrapping Spring Data JPA repositories in DEFAULT mode.
app-1  | 2026-08-23T16:39:44.711Z  INFO 1 --- [absfitness] [           main] .s.d.r.c.RepositoryConfigurationDelegate : Finished Spring Data repository scanning in 22 ms. Found 10 JPA repository interfaces.
app-1  | 2026-08-23T16:39:44.976Z  INFO 1 --- [absfitness] [           main] o.s.boot.tomcat.TomcatWebServer          : Tomcat initialized with port 8080 (http)
app-1  | 2026-08-23T16:39:44.982Z  INFO 1 --- [absfitness] [           main] o.apache.catalina.core.StandardService   : Starting service [Tomcat]
app-1  | 2026-08-23T16:39:44.982Z  INFO 1 --- [absfitness] [           main] o.apache.catalina.core.StandardEngine    : Starting Servlet engine: [Apache Tomcat/11.0.22]
app-1  | 2026-08-23T16:39:44.994Z  INFO 1 --- [absfitness] [           main] b.w.c.s.WebApplicationContextInitializer : Root WebApplicationContext: initialization completed in 713 ms
app-1  | 2026-08-23T16:39:45.121Z  INFO 1 --- [absfitness] [           main] org.hibernate.orm.jpa                    : HHH008540: Processing PersistenceUnitInfo [name: default]
app-1  | 2026-08-23T16:39:45.142Z  INFO 1 --- [absfitness] [           main] org.hibernate.orm.core                   : HHH000001: Hibernate ORM core version 7.4.1.Final
app-1  | 2026-08-23T16:39:45.317Z  INFO 1 --- [absfitness] [           main] o.s.o.j.p.SpringPersistenceUnitInfo      : No LoadTimeWeaver setup: ignoring JPA class transformer
app-1  | 2026-08-23T16:39:45.328Z  INFO 1 --- [absfitness] [           main] com.zaxxer.hikari.HikariDataSource       : HikariPool-1 - Starting...
app-1  | 2026-08-23T16:39:45.409Z  INFO 1 --- [absfitness] [           main] com.zaxxer.hikari.pool.HikariPool        : HikariPool-1 - Added connection org.postgresql.jdbc.PgConnection@48333b12
app-1  | 2026-08-23T16:39:45.410Z  INFO 1 --- [absfitness] [           main] com.zaxxer.hikari.HikariDataSource       : HikariPool-1 - Start completed.
app-1  | 2026-08-23T16:39:45.423Z  WARN 1 --- [absfitness] [           main] org.hibernate.orm.deprecation            : HHH90000025: PostgreSQLDialect does not need to be specified explicitly using 'hibernate.dialect' (remove the property setting and it will be selected by default)
app-1  | 2026-08-23T16:39:45.432Z  INFO 1 --- [absfitness] [           main] org.hibernate.orm.connections.pooling    : HHH10001005: Database info:
app-1  | 	Database JDBC URL [jdbc:postgresql://db:5432/absfitness]
app-1  | 	Database driver: PostgreSQL JDBC Driver
app-1  | 	Database dialect: PostgreSQLDialect
app-1  | 	Database version: 16.14
app-1  | 	Default catalog/schema: absfitness/public
app-1  | 	Autocommit mode: undefined/unknown
app-1  | 	Isolation level: READ_COMMITTED [default READ_COMMITTED]
app-1  | 	JDBC fetch size: none
app-1  | 	Pool: DataSourceConnectionProvider
app-1  | 	Minimum pool size: undefined/unknown
app-1  | 	Maximum pool size: undefined/unknown
app-1  | 2026-08-23T16:39:45.908Z  INFO 1 --- [absfitness] [           main] org.hibernate.orm.core                   : HHH000489: No JTA platform available (set 'hibernate.transaction.jta.platform' to enable JTA platform integration)
app-1  | 2026-08-23T16:39:45.941Z  INFO 1 --- [absfitness] [           main] j.LocalContainerEntityManagerFactoryBean : Initialized JPA EntityManagerFactory for persistence unit 'default'
app-1  | 2026-08-23T16:39:45.970Z  INFO 1 --- [absfitness] [           main] o.s.d.j.r.query.QueryEnhancerFactories   : Hibernate is in classpath; If applicable, HQL parser will be used.
app-1  | 2026-08-23T16:39:46.059Z  INFO 1 --- [absfitness] [           main] eAuthenticationProviderManagerConfigurer : Global AuthenticationManager configured with AuthenticationProvider bean with name authenticationProvider
app-1  | 2026-08-23T16:39:46.059Z  WARN 1 --- [absfitness] [           main] r$InitializeUserDetailsManagerConfigurer : Global AuthenticationManager configured with an AuthenticationProvider bean. UserDetailsService beans will not be used by Spring Security for automatically configuring username/password login. Consider removing the AuthenticationProvider bean. Alternatively, consider using the UserDetailsService in a manually instantiated DaoAuthenticationProvider. If the current configuration is intentional, to turn off this warning, increase the logging level of 'org.springframework.security.config.annotation.authentication.configuration.InitializeUserDetailsBeanManagerConfigurer' to ERROR
app-1  | 2026-08-23T16:39:46.302Z  WARN 1 --- [absfitness] [           main] ConfigServletWebServerApplicationContext : Exception encountered during context initialization - cancelling refresh attempt: org.springframework.beans.factory.UnsatisfiedDependencyException: Error creating bean with name 'galleryController' defined in URL [jar:nested:/app/app.jar/!BOOT-INF/classes/!/com/absfitness/controller/GalleryController.class]: Unsatisfied dependency expressed through constructor parameter 0: Error creating bean with name 'mediaAssetService' defined in URL [jar:nested:/app/app.jar/!BOOT-INF/classes/!/com/absfitness/service/MediaAssetService.class]: Unsatisfied dependency expressed through constructor parameter 1: Error creating bean with name 'minioStorageService' defined in URL [jar:nested:/app/app.jar/!BOOT-INF/classes/!/com/absfitness/storage/MinioStorageService.class]: Unsatisfied dependency expressed through constructor parameter 0: Error creating bean with name 's3Client' defined in class path resource [com/absfitness/config/S3Config.class]: Unsatisfied dependency expressed through method 's3Client' parameter 4: Failed to convert value of type 'java.lang.String' to required type 'boolean'; Invalid boolean value [demo-placeholder]
app-1  | 2026-08-23T16:39:46.303Z  INFO 1 --- [absfitness] [           main] j.LocalContainerEntityManagerFactoryBean : Closing JPA EntityManagerFactory for persistence unit 'default'
app-1  | 2026-08-23T16:39:46.304Z  INFO 1 --- [absfitness] [           main] com.zaxxer.hikari.HikariDataSource       : HikariPool-1 - Shutdown initiated...
app-1  | 2026-08-23T16:39:46.308Z  INFO 1 --- [absfitness] [           main] com.zaxxer.hikari.HikariDataSource       : HikariPool-1 - Shutdown completed.
app-1  | 2026-08-23T16:39:46.309Z  INFO 1 --- [absfitness] [           main] o.apache.catalina.core.StandardService   : Stopping service [Tomcat]
app-1  | 2026-08-23T16:39:46.317Z  INFO 1 --- [absfitness] [           main] .s.b.a.l.ConditionEvaluationReportLogger : 
app-1  | 
app-1  | Error starting ApplicationContext. To display the condition evaluation report re-run your application with 'debug' enabled.
app-1  | 2026-08-23T16:39:46.323Z ERROR 1 --- [absfitness] [           main] o.s.boot.SpringApplication               : Application run failed
app-1  | 
app-1  | org.springframework.beans.factory.UnsatisfiedDependencyException: Error creating bean with name 'galleryController' defined in URL [jar:nested:/app/app.jar/!BOOT-INF/classes/!/com/absfitness/controller/GalleryController.class]: Unsatisfied dependency expressed through constructor parameter 0: Error creating bean with name 'mediaAssetService' defined in URL [jar:nested:/app/app.jar/!BOOT-INF/classes/!/com/absfitness/service/MediaAssetService.class]: Unsatisfied dependency expressed through constructor parameter 1: Error creating bean with name 'minioStorageService' defined in URL [jar:nested:/app/app.jar/!BOOT-INF/classes/!/com/absfitness/storage/MinioStorageService.class]: Unsatisfied dependency expressed through constructor parameter 0: Error creating bean with name 's3Client' defined in class path resource [com/absfitness/config/S3Config.class]: Unsatisfied dependency expressed through method 's3Client' parameter 4: Failed to convert value of type 'java.lang.String' to required type 'boolean'; Invalid boolean value [demo-placeholder]
app-1  | 	at org.springframework.beans.factory.support.ConstructorResolver.createArgumentArray(ConstructorResolver.java:804) ~[spring-beans-7.0.8.jar!/:7.0.8]
app-1  | 	at org.springframework.beans.factory.support.ConstructorResolver.autowireConstructor(ConstructorResolver.java:240) ~[spring-beans-7.0.8.jar!/:7.0.8]
app-1  | 	at org.springframework.beans.factory.support.AbstractAutowireCapableBeanFactory.autowireConstructor(AbstractAutowireCapableBeanFactory.java:1380) ~[spring-beans-7.0.8.jar!/:7.0.8]
app-1  | 	at org.springframework.beans.factory.support.AbstractAutowireCapableBeanFactory.createBeanInstance(AbstractAutowireCapableBeanFactory.java:1219) ~[spring-beans-7.0.8.jar!/:7.0.8]
app-1  | 	at org.springframework.beans.factory.support.AbstractAutowireCapableBeanFactory.doCreateBean(AbstractAutowireCapableBeanFactory.java:565) ~[spring-beans-7.0.8.jar!/:7.0.8]
app-1  | 	at org.springframework.beans.factory.support.AbstractAutowireCapableBeanFactory.createBean(AbstractAutowireCapableBeanFactory.java:525) ~[spring-beans-7.0.8.jar!/:7.0.8]
app-1  | 	at org.springframework.beans.factory.support.AbstractBeanFactory.lambda$doGetBean$0(AbstractBeanFactory.java:333) ~[spring-beans-7.0.8.jar!/:7.0.8]
app-1  | 	at org.springframework.beans.factory.support.DefaultSingletonBeanRegistry.getSingleton(DefaultSingletonBeanRegistry.java:371) ~[spring-beans-7.0.8.jar!/:7.0.8]
app-1  | 	at org.springframework.beans.factory.support.AbstractBeanFactory.doGetBean(AbstractBeanFactory.java:331) ~[spring-beans-7.0.8.jar!/:7.0.8]
app-1  | 	at org.springframework.beans.factory.support.AbstractBeanFactory.getBean(AbstractBeanFactory.java:196) ~[spring-beans-7.0.8.jar!/:7.0.8]
app-1  | 	at org.springframework.beans.factory.support.DefaultListableBeanFactory.instantiateSingleton(DefaultListableBeanFactory.java:1225) ~[spring-beans-7.0.8.jar!/:7.0.8]
app-1  | 	at org.springframework.beans.factory.support.DefaultListableBeanFactory.preInstantiateSingleton(DefaultListableBeanFactory.java:1191) ~[spring-beans-7.0.8.jar!/:7.0.8]
app-1  | 	at org.springframework.beans.factory.support.DefaultListableBeanFactory.preInstantiateSingletons(DefaultListableBeanFactory.java:1121) ~[spring-beans-7.0.8.jar!/:7.0.8]
app-1  | 	at org.springframework.context.support.AbstractApplicationContext.finishBeanFactoryInitialization(AbstractApplicationContext.java:994) ~[spring-context-7.0.8.jar!/:7.0.8]
app-1  | 	at org.springframework.context.support.AbstractApplicationContext.refresh(AbstractApplicationContext.java:621) ~[spring-context-7.0.8.jar!/:7.0.8]
app-1  | 	at org.springframework.boot.web.server.servlet.context.ServletWebServerApplicationContext.refresh(ServletWebServerApplicationContext.java:143) ~[spring-boot-web-server-4.1.0.jar!/:4.1.0]
app-1  | 	at org.springframework.boot.SpringApplication.refresh(SpringApplication.java:756) ~[spring-boot-4.1.0.jar!/:4.1.0]
app-1  | 	at org.springframework.boot.SpringApplication.refreshContext(SpringApplication.java:445) ~[spring-boot-4.1.0.jar!/:4.1.0]
app-1  | 	at org.springframework.boot.SpringApplication.run(SpringApplication.java:321) ~[spring-boot-4.1.0.jar!/:4.1.0]
app-1  | 	at org.springframework.boot.SpringApplication.run(SpringApplication.java:1365) ~[spring-boot-4.1.0.jar!/:4.1.0]
app-1  | 	at org.springframework.boot.SpringApplication.run(SpringApplication.java:1354) ~[spring-boot-4.1.0.jar!/:4.1.0]
app-1  | 	at com.absfitness.AbsFitnessApplication.main(AbsFitnessApplication.java:9) ~[!/:0.0.1-SNAPSHOT]
app-1  | 	at java.base/jdk.internal.reflect.NativeMethodAccessorImpl.invoke0(Native Method) ~[na:na]
app-1  | 	at java.base/jdk.internal.reflect.NativeMethodAccessorImpl.invoke(Unknown Source) ~[na:na]
app-1  | 	at java.base/jdk.internal.reflect.DelegatingMethodAccessorImpl.invoke(Unknown Source) ~[na:na]
app-1  | 	at java.base/java.lang.reflect.Method.invoke(Unknown Source) ~[na:na]
app-1  | 	at org.springframework.boot.loader.launch.Launcher.launch(Launcher.java:106) ~[app.jar:0.0.1-SNAPSHOT]
app-1  | 	at org.springframework.boot.loader.launch.Launcher.launch(Launcher.java:64) ~[app.jar:0.0.1-SNAPSHOT]
app-1  | 	at org.springframework.boot.loader.launch.JarLauncher.main(JarLauncher.java:40) ~[app.jar:0.0.1-SNAPSHOT]
app-1  | Caused by: org.springframework.beans.factory.UnsatisfiedDependencyException: Error creating bean with name 'mediaAssetService' defined in URL [jar:nested:/app/app.jar/!BOOT-INF/classes/!/com/absfitness/service/MediaAssetService.class]: Unsatisfied dependency expressed through constructor parameter 1: Error creating bean with name 'minioStorageService' defined in URL [jar:nested:/app/app.jar/!BOOT-INF/classes/!/com/absfitness/storage/MinioStorageService.class]: Unsatisfied dependency expressed through constructor parameter 0: Error creating bean with name 's3Client' defined in class path resource [com/absfitness/config/S3Config.class]: Unsatisfied dependency expressed through method 's3Client' parameter 4: Failed to convert value of type 'java.lang.String' to required type 'boolean'; Invalid boolean value [demo-placeholder]
app-1  | 	at org.springframework.beans.factory.support.ConstructorResolver.createArgumentArray(ConstructorResolver.java:804) ~[spring-beans-7.0.8.jar!/:7.0.8]
app-1  | 	at org.springframework.beans.factory.support.ConstructorResolver.autowireConstructor(ConstructorResolver.java:240) ~[spring-beans-7.0.8.jar!/:7.0.8]
app-1  | 	at org.springframework.beans.factory.support.AbstractAutowireCapableBeanFactory.autowireConstructor(AbstractAutowireCapableBeanFactory.java:1380) ~[spring-beans-7.0.8.jar!/:7.0.8]
app-1  | 	at org.springframework.beans.factory.support.AbstractAutowireCapableBeanFactory.createBeanInstance(AbstractAutowireCapableBeanFactory.java:1219) ~[spring-beans-7.0.8.jar!/:7.0.8]
app-1  | 	at org.springframework.beans.factory.support.AbstractAutowireCapableBeanFactory.doCreateBean(AbstractAutowireCapableBeanFactory.java:565) ~[spring-beans-7.0.8.jar!/:7.0.8]
app-1  | 	at org.springframework.beans.factory.support.AbstractAutowireCapableBeanFactory.createBean(AbstractAutowireCapableBeanFactory.java:525) ~[spring-beans-7.0.8.jar!/:7.0.8]
app-1  | 	at org.springframework.beans.factory.support.AbstractBeanFactory.lambda$doGetBean$0(AbstractBeanFactory.java:333) ~[spring-beans-7.0.8.jar!/:7.0.8]
app-1  | 	at org.springframework.beans.factory.support.DefaultSingletonBeanRegistry.getSingleton(DefaultSingletonBeanRegistry.java:371) ~[spring-beans-7.0.8.jar!/:7.0.8]
app-1  | 	at org.springframework.beans.factory.support.AbstractBeanFactory.doGetBean(AbstractBeanFactory.java:331) ~[spring-beans-7.0.8.jar!/:7.0.8]
app-1  | 	at org.springframework.beans.factory.support.AbstractBeanFactory.getBean(AbstractBeanFactory.java:201) ~[spring-beans-7.0.8.jar!/:7.0.8]
app-1  | 	at org.springframework.beans.factory.support.DefaultListableBeanFactory.resolveBean(DefaultListableBeanFactory.java:1232) ~[spring-beans-7.0.8.jar!/:7.0.8]
app-1  | 	at org.springframework.beans.factory.support.DefaultListableBeanFactory.doResolveDependency(DefaultListableBeanFactory.java:1711) ~[spring-beans-7.0.8.jar!/:7.0.8]
app-1  | 	at org.springframework.beans.factory.support.DefaultListableBeanFactory.resolveDependency(DefaultListableBeanFactory.java:1658) ~[spring-beans-7.0.8.jar!/:7.0.8]
app-1  | 	at org.springframework.beans.factory.support.ConstructorResolver.resolveAutowiredArgument(ConstructorResolver.java:912) ~[spring-beans-7.0.8.jar!/:7.0.8]
app-1  | 	at org.springframework.beans.factory.support.ConstructorResolver.createArgumentArray(ConstructorResolver.java:791) ~[spring-beans-7.0.8.jar!/:7.0.8]
app-1  | 	... 28 common frames omitted
app-1  | Caused by: org.springframework.beans.factory.UnsatisfiedDependencyException: Error creating bean with name 'minioStorageService' defined in URL [jar:nested:/app/app.jar/!BOOT-INF/classes/!/com/absfitness/storage/MinioStorageService.class]: Unsatisfied dependency expressed through constructor parameter 0: Error creating bean with name 's3Client' defined in class path resource [com/absfitness/config/S3Config.class]: Unsatisfied dependency expressed through method 's3Client' parameter 4: Failed to convert value of type 'java.lang.String' to required type 'boolean'; Invalid boolean value [demo-placeholder]
app-1  | 	at org.springframework.beans.factory.support.ConstructorResolver.createArgumentArray(ConstructorResolver.java:804) ~[spring-beans-7.0.8.jar!/:7.0.8]
app-1  | 	at org.springframework.beans.factory.support.ConstructorResolver.autowireConstructor(ConstructorResolver.java:240) ~[spring-beans-7.0.8.jar!/:7.0.8]
app-1  | 	at org.springframework.beans.factory.support.AbstractAutowireCapableBeanFactory.autowireConstructor(AbstractAutowireCapableBeanFactory.java:1380) ~[spring-beans-7.0.8.jar!/:7.0.8]
app-1  | 	at org.springframework.beans.factory.support.AbstractAutowireCapableBeanFactory.createBeanInstance(AbstractAutowireCapableBeanFactory.java:1219) ~[spring-beans-7.0.8.jar!/:7.0.8]
app-1  | 	at org.springframework.beans.factory.support.AbstractAutowireCapableBeanFactory.doCreateBean(AbstractAutowireCapableBeanFactory.java:565) ~[spring-beans-7.0.8.jar!/:7.0.8]
app-1  | 	at org.springframework.beans.factory.support.AbstractAutowireCapableBeanFactory.createBean(AbstractAutowireCapableBeanFactory.java:525) ~[spring-beans-7.0.8.jar!/:7.0.8]
app-1  | 	at org.springframework.beans.factory.support.AbstractBeanFactory.lambda$doGetBean$0(AbstractBeanFactory.java:333) ~[spring-beans-7.0.8.jar!/:7.0.8]
app-1  | 	at org.springframework.beans.factory.support.DefaultSingletonBeanRegistry.getSingleton(DefaultSingletonBeanRegistry.java:371) ~[spring-beans-7.0.8.jar!/:7.0.8]
app-1  | 	at org.springframework.beans.factory.support.AbstractBeanFactory.doGetBean(AbstractBeanFactory.java:331) ~[spring-beans-7.0.8.jar!/:7.0.8]
app-1  | 	at org.springframework.beans.factory.support.AbstractBeanFactory.getBean(AbstractBeanFactory.java:201) ~[spring-beans-7.0.8.jar!/:7.0.8]
app-1  | 	at org.springframework.beans.factory.config.DependencyDescriptor.resolveCandidate(DependencyDescriptor.java:229) ~[spring-beans-7.0.8.jar!/:7.0.8]
app-1  | 	at org.springframework.beans.factory.support.DefaultListableBeanFactory.doResolveDependency(DefaultListableBeanFactory.java:1769) ~[spring-beans-7.0.8.jar!/:7.0.8]
app-1  | 	at org.springframework.beans.factory.support.DefaultListableBeanFactory.resolveDependency(DefaultListableBeanFactory.java:1658) ~[spring-beans-7.0.8.jar!/:7.0.8]
app-1  | 	at org.springframework.beans.factory.support.ConstructorResolver.resolveAutowiredArgument(ConstructorResolver.java:912) ~[spring-beans-7.0.8.jar!/:7.0.8]
app-1  | 	at org.springframework.beans.factory.support.ConstructorResolver.createArgumentArray(ConstructorResolver.java:791) ~[spring-beans-7.0.8.jar!/:7.0.8]
app-1  | 	... 42 common frames omitted
app-1  | Caused by: org.springframework.beans.factory.UnsatisfiedDependencyException: Error creating bean with name 's3Client' defined in class path resource [com/absfitness/config/S3Config.class]: Unsatisfied dependency expressed through method 's3Client' parameter 4: Failed to convert value of type 'java.lang.String' to required type 'boolean'; Invalid boolean value [demo-placeholder]
app-1  | 	at org.springframework.beans.factory.support.ConstructorResolver.createArgumentArray(ConstructorResolver.java:804) ~[spring-beans-7.0.8.jar!/:7.0.8]
app-1  | 	at org.springframework.beans.factory.support.ConstructorResolver.instantiateUsingFactoryMethod(ConstructorResolver.java:546) ~[spring-beans-7.0.8.jar!/:7.0.8]
app-1  | 	at org.springframework.beans.factory.support.AbstractAutowireCapableBeanFactory.instantiateUsingFactoryMethod(AbstractAutowireCapableBeanFactory.java:1360) ~[spring-beans-7.0.8.jar!/:7.0.8]
app-1  | 	at org.springframework.beans.factory.support.AbstractAutowireCapableBeanFactory.createBeanInstance(AbstractAutowireCapableBeanFactory.java:1192) ~[spring-beans-7.0.8.jar!/:7.0.8]
app-1  | 	at org.springframework.beans.factory.support.AbstractAutowireCapableBeanFactory.doCreateBean(AbstractAutowireCapableBeanFactory.java:565) ~[spring-beans-7.0.8.jar!/:7.0.8]
app-1  | 	at org.springframework.beans.factory.support.AbstractAutowireCapableBeanFactory.createBean(AbstractAutowireCapableBeanFactory.java:525) ~[spring-beans-7.0.8.jar!/:7.0.8]
app-1  | 	at org.springframework.beans.factory.support.AbstractBeanFactory.lambda$doGetBean$0(AbstractBeanFactory.java:333) ~[spring-beans-7.0.8.jar!/:7.0.8]
app-1  | 	at org.springframework.beans.factory.support.DefaultSingletonBeanRegistry.getSingleton(DefaultSingletonBeanRegistry.java:371) ~[spring-beans-7.0.8.jar!/:7.0.8]
app-1  | 	at org.springframework.beans.factory.support.AbstractBeanFactory.doGetBean(AbstractBeanFactory.java:331) ~[spring-beans-7.0.8.jar!/:7.0.8]
app-1  | 	at org.springframework.beans.factory.support.AbstractBeanFactory.getBean(AbstractBeanFactory.java:201) ~[spring-beans-7.0.8.jar!/:7.0.8]
app-1  | 	at org.springframework.beans.factory.config.DependencyDescriptor.resolveCandidate(DependencyDescriptor.java:229) ~[spring-beans-7.0.8.jar!/:7.0.8]
app-1  | 	at org.springframework.beans.factory.support.DefaultListableBeanFactory.doResolveDependency(DefaultListableBeanFactory.java:1769) ~[spring-beans-7.0.8.jar!/:7.0.8]
app-1  | 	at org.springframework.beans.factory.support.DefaultListableBeanFactory.resolveDependency(DefaultListableBeanFactory.java:1658) ~[spring-beans-7.0.8.jar!/:7.0.8]
app-1  | 	at org.springframework.beans.factory.support.ConstructorResolver.resolveAutowiredArgument(ConstructorResolver.java:912) ~[spring-beans-7.0.8.jar!/:7.0.8]
app-1  | 	at org.springframework.beans.factory.support.ConstructorResolver.createArgumentArray(ConstructorResolver.java:791) ~[spring-beans-7.0.8.jar!/:7.0.8]
app-1  | 	... 56 common frames omitted
app-1  | Caused by: org.springframework.beans.TypeMismatchException: Failed to convert value of type 'java.lang.String' to required type 'boolean'; Invalid boolean value [demo-placeholder]
app-1  | 	at org.springframework.beans.TypeConverterSupport.convertIfNecessary(TypeConverterSupport.java:82) ~[spring-beans-7.0.8.jar!/:7.0.8]
app-1  | 	at org.springframework.beans.TypeConverterSupport.convertIfNecessary(TypeConverterSupport.java:67) ~[spring-beans-7.0.8.jar!/:7.0.8]
app-1  | 	at org.springframework.beans.factory.support.DefaultListableBeanFactory.doResolveDependency(DefaultListableBeanFactory.java:1686) ~[spring-beans-7.0.8.jar!/:7.0.8]
app-1  | 	at org.springframework.beans.factory.support.DefaultListableBeanFactory.resolveDependency(DefaultListableBeanFactory.java:1658) ~[spring-beans-7.0.8.jar!/:7.0.8]
app-1  | 	at org.springframework.beans.factory.support.ConstructorResolver.resolveAutowiredArgument(ConstructorResolver.java:912) ~[spring-beans-7.0.8.jar!/:7.0.8]
app-1  | 	at org.springframework.beans.factory.support.ConstructorResolver.createArgumentArray(ConstructorResolver.java:791) ~[spring-beans-7.0.8.jar!/:7.0.8]
app-1  | 	... 70 common frames omitted
app-1  | Caused by: java.lang.IllegalArgumentException: Invalid boolean value [demo-placeholder]
app-1  | 	at org.springframework.beans.propertyeditors.CustomBooleanEditor.setAsText(CustomBooleanEditor.java:153) ~[spring-beans-7.0.8.jar!/:7.0.8]
app-1  | 	at org.springframework.beans.TypeConverterDelegate.doConvertTextValue(TypeConverterDelegate.java:434) ~[spring-beans-7.0.8.jar!/:7.0.8]
app-1  | 	at org.springframework.beans.TypeConverterDelegate.doConvertValue(TypeConverterDelegate.java:407) ~[spring-beans-7.0.8.jar!/:7.0.8]
app-1  | 	at org.springframework.beans.TypeConverterDelegate.convertIfNecessary(TypeConverterDelegate.java:158) ~[spring-beans-7.0.8.jar!/:7.0.8]
app-1  | 	at org.springframework.beans.TypeConverterSupport.convertIfNecessary(TypeConverterSupport.java:75) ~[spring-beans-7.0.8.jar!/:7.0.8]
app-1  | 	... 75 common frames omitted
app-1  | 
app-1  | 
app-1  |   .   ____          _            __ _ _
app-1  |  /\\ / ___'_ __ _ _(_)_ __  __ _ \ \ \ \
app-1  | ( ( )\___ | '_ | '_| | '_ \/ _` | \ \ \ \
app-1  |  \\/  ___)| |_)| | | | | || (_| |  ) ) ) )
app-1  |   '  |____| .__|_| |_|_| |_\__, | / / / /
app-1  |  =========|_|==============|___/=/_/_/_/
app-1  | 
app-1  |  :: Spring Boot ::                (v4.1.0)
app-1  | 
app-1  | 2026-08-23T16:39:59.773Z  INFO 1 --- [absfitness] [           main] com.absfitness.AbsFitnessApplication     : Starting AbsFitnessApplication v0.0.1-SNAPSHOT using Java 17.0.19 with PID 1 (/app/app.jar started by app in /app)
app-1  | 2026-08-23T16:39:59.777Z  INFO 1 --- [absfitness] [           main] com.absfitness.AbsFitnessApplication     : No active profile set, falling back to 1 default profile: "default"
app-1  | 2026-08-23T16:40:00.284Z  INFO 1 --- [absfitness] [           main] .s.d.r.c.RepositoryConfigurationDelegate : Bootstrapping Spring Data JPA repositories in DEFAULT mode.
app-1  | 2026-08-23T16:40:00.320Z  INFO 1 --- [absfitness] [           main] .s.d.r.c.RepositoryConfigurationDelegate : Finished Spring Data repository scanning in 31 ms. Found 10 JPA repository interfaces.
app-1  | 2026-08-23T16:40:00.633Z  INFO 1 --- [absfitness] [           main] o.s.boot.tomcat.TomcatWebServer          : Tomcat initialized with port 8080 (http)
app-1  | 2026-08-23T16:40:00.639Z  INFO 1 --- [absfitness] [           main] o.apache.catalina.core.StandardService   : Starting service [Tomcat]
app-1  | 2026-08-23T16:40:00.639Z  INFO 1 --- [absfitness] [           main] o.apache.catalina.core.StandardEngine    : Starting Servlet engine: [Apache Tomcat/11.0.22]
app-1  | 2026-08-23T16:40:00.655Z  INFO 1 --- [absfitness] [           main] b.w.c.s.WebApplicationContextInitializer : Root WebApplicationContext: initialization completed in 841 ms
app-1  | 2026-08-23T16:40:00.787Z  INFO 1 --- [absfitness] [           main] org.hibernate.orm.jpa                    : HHH008540: Processing PersistenceUnitInfo [name: default]
app-1  | 2026-08-23T16:40:00.808Z  INFO 1 --- [absfitness] [           main] org.hibernate.orm.core                   : HHH000001: Hibernate ORM core version 7.4.1.Final
app-1  | 2026-08-23T16:40:00.972Z  INFO 1 --- [absfitness] [           main] o.s.o.j.p.SpringPersistenceUnitInfo      : No LoadTimeWeaver setup: ignoring JPA class transformer
app-1  | 2026-08-23T16:40:00.984Z  INFO 1 --- [absfitness] [           main] com.zaxxer.hikari.HikariDataSource       : HikariPool-1 - Starting...
app-1  | 2026-08-23T16:40:01.069Z  INFO 1 --- [absfitness] [           main] com.zaxxer.hikari.pool.HikariPool        : HikariPool-1 - Added connection org.postgresql.jdbc.PgConnection@350e3fb4
app-1  | 2026-08-23T16:40:01.070Z  INFO 1 --- [absfitness] [           main] com.zaxxer.hikari.HikariDataSource       : HikariPool-1 - Start completed.
app-1  | 2026-08-23T16:40:01.085Z  WARN 1 --- [absfitness] [           main] org.hibernate.orm.deprecation            : HHH90000025: PostgreSQLDialect does not need to be specified explicitly using 'hibernate.dialect' (remove the property setting and it will be selected by default)
app-1  | 2026-08-23T16:40:01.095Z  INFO 1 --- [absfitness] [           main] org.hibernate.orm.connections.pooling    : HHH10001005: Database info:
app-1  | 	Database JDBC URL [jdbc:postgresql://db:5432/absfitness]
app-1  | 	Database driver: PostgreSQL JDBC Driver
app-1  | 	Database dialect: PostgreSQLDialect
app-1  | 	Database version: 16.14
app-1  | 	Default catalog/schema: absfitness/public
app-1  | 	Autocommit mode: undefined/unknown
app-1  | 	Isolation level: READ_COMMITTED [default READ_COMMITTED]
app-1  | 	JDBC fetch size: none
app-1  | 	Pool: DataSourceConnectionProvider
app-1  | 	Minimum pool size: undefined/unknown
app-1  | 	Maximum pool size: undefined/unknown
app-1  | 2026-08-23T16:40:01.591Z  INFO 1 --- [absfitness] [           main] org.hibernate.orm.core                   : HHH000489: No JTA platform available (set 'hibernate.transaction.jta.platform' to enable JTA platform integration)
app-1  | 2026-08-23T16:40:01.624Z  INFO 1 --- [absfitness] [           main] j.LocalContainerEntityManagerFactoryBean : Initialized JPA EntityManagerFactory for persistence unit 'default'
app-1  | 2026-08-23T16:40:01.653Z  INFO 1 --- [absfitness] [           main] o.s.d.j.r.query.QueryEnhancerFactories   : Hibernate is in classpath; If applicable, HQL parser will be used.
app-1  | 2026-08-23T16:40:01.737Z  INFO 1 --- [absfitness] [           main] eAuthenticationProviderManagerConfigurer : Global AuthenticationManager configured with AuthenticationProvider bean with name authenticationProvider
app-1  | 2026-08-23T16:40:01.737Z  WARN 1 --- [absfitness] [           main] r$InitializeUserDetailsManagerConfigurer : Global AuthenticationManager configured with an AuthenticationProvider bean. UserDetailsService beans will not be used by Spring Security for automatically configuring username/password login. Consider removing the AuthenticationProvider bean. Alternatively, consider using the UserDetailsService in a manually instantiated DaoAuthenticationProvider. If the current configuration is intentional, to turn off this warning, increase the logging level of 'org.springframework.security.config.annotation.authentication.configuration.InitializeUserDetailsBeanManagerConfigurer' to ERROR
app-1  | 2026-08-23T16:40:01.992Z  WARN 1 --- [absfitness] [           main] ConfigServletWebServerApplicationContext : Exception encountered during context initialization - cancelling refresh attempt: org.springframework.beans.factory.UnsatisfiedDependencyException: Error creating bean with name 'galleryController' defined in URL [jar:nested:/app/app.jar/!BOOT-INF/classes/!/com/absfitness/controller/GalleryController.class]: Unsatisfied dependency expressed through constructor parameter 0: Error creating bean with name 'mediaAssetService' defined in URL [jar:nested:/app/app.jar/!BOOT-INF/classes/!/com/absfitness/service/MediaAssetService.class]: Unsatisfied dependency expressed through constructor parameter 1: Error creating bean with name 'minioStorageService' defined in URL [jar:nested:/app/app.jar/!BOOT-INF/classes/!/com/absfitness/storage/MinioStorageService.class]: Unsatisfied dependency expressed through constructor parameter 0: Error creating bean with name 's3Client' defined in class path resource [com/absfitness/config/S3Config.class]: Unsatisfied dependency expressed through method 's3Client' parameter 4: Failed to convert value of type 'java.lang.String' to required type 'boolean'; Invalid boolean value [demo-placeholder]
app-1  | 2026-08-23T16:40:01.994Z  INFO 1 --- [absfitness] [           main] j.LocalContainerEntityManagerFactoryBean : Closing JPA EntityManagerFactory for persistence unit 'default'
app-1  | 2026-08-23T16:40:01.995Z  INFO 1 --- [absfitness] [           main] com.zaxxer.hikari.HikariDataSource       : HikariPool-1 - Shutdown initiated...
app-1  | 2026-08-23T16:40:01.999Z  INFO 1 --- [absfitness] [           main] com.zaxxer.hikari.HikariDataSource       : HikariPool-1 - Shutdown completed.
app-1  | 2026-08-23T16:40:02.000Z  INFO 1 --- [absfitness] [           main] o.apache.catalina.core.StandardService   : Stopping service [Tomcat]
app-1  | 2026-08-23T16:40:02.006Z  INFO 1 --- [absfitness] [           main] .s.b.a.l.ConditionEvaluationReportLogger : 
app-1  | 
app-1  | Error starting ApplicationContext. To display the condition evaluation report re-run your application with 'debug' enabled.
app-1  | 2026-08-23T16:40:02.012Z ERROR 1 --- [absfitness] [           main] o.s.boot.SpringApplication               : Application run failed
app-1  | 
app-1  | org.springframework.beans.factory.UnsatisfiedDependencyException: Error creating bean with name 'galleryController' defined in URL [jar:nested:/app/app.jar/!BOOT-INF/classes/!/com/absfitness/controller/GalleryController.class]: Unsatisfied dependency expressed through constructor parameter 0: Error creating bean with name 'mediaAssetService' defined in URL [jar:nested:/app/app.jar/!BOOT-INF/classes/!/com/absfitness/service/MediaAssetService.class]: Unsatisfied dependency expressed through constructor parameter 1: Error creating bean with name 'minioStorageService' defined in URL [jar:nested:/app/app.jar/!BOOT-INF/classes/!/com/absfitness/storage/MinioStorageService.class]: Unsatisfied dependency expressed through constructor parameter 0: Error creating bean with name 's3Client' defined in class path resource [com/absfitness/config/S3Config.class]: Unsatisfied dependency expressed through method 's3Client' parameter 4: Failed to convert value of type 'java.lang.String' to required type 'boolean'; Invalid boolean value [demo-placeholder]
app-1  | 	at org.springframework.beans.factory.support.ConstructorResolver.createArgumentArray(ConstructorResolver.java:804) ~[spring-beans-7.0.8.jar!/:7.0.8]
app-1  | 	at org.springframework.beans.factory.support.ConstructorResolver.autowireConstructor(ConstructorResolver.java:240) ~[spring-beans-7.0.8.jar!/:7.0.8]
app-1  | 	at org.springframework.beans.factory.support.AbstractAutowireCapableBeanFactory.autowireConstructor(AbstractAutowireCapableBeanFactory.java:1380) ~[spring-beans-7.0.8.jar!/:7.0.8]
app-1  | 	at org.springframework.beans.factory.support.AbstractAutowireCapableBeanFactory.createBeanInstance(AbstractAutowireCapableBeanFactory.java:1219) ~[spring-beans-7.0.8.jar!/:7.0.8]
app-1  | 	at org.springframework.beans.factory.support.AbstractAutowireCapableBeanFactory.doCreateBean(AbstractAutowireCapableBeanFactory.java:565) ~[spring-beans-7.0.8.jar!/:7.0.8]
app-1  | 	at org.springframework.beans.factory.support.AbstractAutowireCapableBeanFactory.createBean(AbstractAutowireCapableBeanFactory.java:525) ~[spring-beans-7.0.8.jar!/:7.0.8]
app-1  | 	at org.springframework.beans.factory.support.AbstractBeanFactory.lambda$doGetBean$0(AbstractBeanFactory.java:333) ~[spring-beans-7.0.8.jar!/:7.0.8]
app-1  | 	at org.springframework.beans.factory.support.DefaultSingletonBeanRegistry.getSingleton(DefaultSingletonBeanRegistry.java:371) ~[spring-beans-7.0.8.jar!/:7.0.8]
app-1  | 	at org.springframework.beans.factory.support.AbstractBeanFactory.doGetBean(AbstractBeanFactory.java:331) ~[spring-beans-7.0.8.jar!/:7.0.8]
app-1  | 	at org.springframework.beans.factory.support.AbstractBeanFactory.getBean(AbstractBeanFactory.java:196) ~[spring-beans-7.0.8.jar!/:7.0.8]
app-1  | 	at org.springframework.beans.factory.support.DefaultListableBeanFactory.instantiateSingleton(DefaultListableBeanFactory.java:1225) ~[spring-beans-7.0.8.jar!/:7.0.8]
app-1  | 	at org.springframework.beans.factory.support.DefaultListableBeanFactory.preInstantiateSingleton(DefaultListableBeanFactory.java:1191) ~[spring-beans-7.0.8.jar!/:7.0.8]
app-1  | 	at org.springframework.beans.factory.support.DefaultListableBeanFactory.preInstantiateSingletons(DefaultListableBeanFactory.java:1121) ~[spring-beans-7.0.8.jar!/:7.0.8]
app-1  | 	at org.springframework.context.support.AbstractApplicationContext.finishBeanFactoryInitialization(AbstractApplicationContext.java:994) ~[spring-context-7.0.8.jar!/:7.0.8]
app-1  | 	at org.springframework.context.support.AbstractApplicationContext.refresh(AbstractApplicationContext.java:621) ~[spring-context-7.0.8.jar!/:7.0.8]
app-1  | 	at org.springframework.boot.web.server.servlet.context.ServletWebServerApplicationContext.refresh(ServletWebServerApplicationContext.java:143) ~[spring-boot-web-server-4.1.0.jar!/:4.1.0]
app-1  | 	at org.springframework.boot.SpringApplication.refresh(SpringApplication.java:756) ~[spring-boot-4.1.0.jar!/:4.1.0]
app-1  | 	at org.springframework.boot.SpringApplication.refreshContext(SpringApplication.java:445) ~[spring-boot-4.1.0.jar!/:4.1.0]
app-1  | 	at org.springframework.boot.SpringApplication.run(SpringApplication.java:321) ~[spring-boot-4.1.0.jar!/:4.1.0]
app-1  | 	at org.springframework.boot.SpringApplication.run(SpringApplication.java:1365) ~[spring-boot-4.1.0.jar!/:4.1.0]
app-1  | 	at org.springframework.boot.SpringApplication.run(SpringApplication.java:1354) ~[spring-boot-4.1.0.jar!/:4.1.0]
app-1  | 	at com.absfitness.AbsFitnessApplication.main(AbsFitnessApplication.java:9) ~[!/:0.0.1-SNAPSHOT]
app-1  | 	at java.base/jdk.internal.reflect.NativeMethodAccessorImpl.invoke0(Native Method) ~[na:na]
app-1  | 	at java.base/jdk.internal.reflect.NativeMethodAccessorImpl.invoke(Unknown Source) ~[na:na]
app-1  | 	at java.base/jdk.internal.reflect.DelegatingMethodAccessorImpl.invoke(Unknown Source) ~[na:na]
app-1  | 	at java.base/java.lang.reflect.Method.invoke(Unknown Source) ~[na:na]
app-1  | 	at org.springframework.boot.loader.launch.Launcher.launch(Launcher.java:106) ~[app.jar:0.0.1-SNAPSHOT]
app-1  | 	at org.springframework.boot.loader.launch.Launcher.launch(Launcher.java:64) ~[app.jar:0.0.1-SNAPSHOT]
app-1  | 	at org.springframework.boot.loader.launch.JarLauncher.main(JarLauncher.java:40) ~[app.jar:0.0.1-SNAPSHOT]
app-1  | Caused by: org.springframework.beans.factory.UnsatisfiedDependencyException: Error creating bean with name 'mediaAssetService' defined in URL [jar:nested:/app/app.jar/!BOOT-INF/classes/!/com/absfitness/service/MediaAssetService.class]: Unsatisfied dependency expressed through constructor parameter 1: Error creating bean with name 'minioStorageService' defined in URL [jar:nested:/app/app.jar/!BOOT-INF/classes/!/com/absfitness/storage/MinioStorageService.class]: Unsatisfied dependency expressed through constructor parameter 0: Error creating bean with name 's3Client' defined in class path resource [com/absfitness/config/S3Config.class]: Unsatisfied dependency expressed through method 's3Client' parameter 4: Failed to convert value of type 'java.lang.String' to required type 'boolean'; Invalid boolean value [demo-placeholder]
app-1  | 	at org.springframework.beans.factory.support.ConstructorResolver.createArgumentArray(ConstructorResolver.java:804) ~[spring-beans-7.0.8.jar!/:7.0.8]
app-1  | 	at org.springframework.beans.factory.support.ConstructorResolver.autowireConstructor(ConstructorResolver.java:240) ~[spring-beans-7.0.8.jar!/:7.0.8]
app-1  | 	at org.springframework.beans.factory.support.AbstractAutowireCapableBeanFactory.autowireConstructor(AbstractAutowireCapableBeanFactory.java:1380) ~[spring-beans-7.0.8.jar!/:7.0.8]
app-1  | 	at org.springframework.beans.factory.support.AbstractAutowireCapableBeanFactory.createBeanInstance(AbstractAutowireCapableBeanFactory.java:1219) ~[spring-beans-7.0.8.jar!/:7.0.8]
app-1  | 	at org.springframework.beans.factory.support.AbstractAutowireCapableBeanFactory.doCreateBean(AbstractAutowireCapableBeanFactory.java:565) ~[spring-beans-7.0.8.jar!/:7.0.8]
app-1  | 	at org.springframework.beans.factory.support.AbstractAutowireCapableBeanFactory.createBean(AbstractAutowireCapableBeanFactory.java:525) ~[spring-beans-7.0.8.jar!/:7.0.8]
app-1  | 	at org.springframework.beans.factory.support.AbstractBeanFactory.lambda$doGetBean$0(AbstractBeanFactory.java:333) ~[spring-beans-7.0.8.jar!/:7.0.8]
app-1  | 	at org.springframework.beans.factory.support.DefaultSingletonBeanRegistry.getSingleton(DefaultSingletonBeanRegistry.java:371) ~[spring-beans-7.0.8.jar!/:7.0.8]
app-1  | 	at org.springframework.beans.factory.support.AbstractBeanFactory.doGetBean(AbstractBeanFactory.java:331) ~[spring-beans-7.0.8.jar!/:7.0.8]
app-1  | 	at org.springframework.beans.factory.support.AbstractBeanFactory.getBean(AbstractBeanFactory.java:201) ~[spring-beans-7.0.8.jar!/:7.0.8]
app-1  | 	at org.springframework.beans.factory.support.DefaultListableBeanFactory.resolveBean(DefaultListableBeanFactory.java:1232) ~[spring-beans-7.0.8.jar!/:7.0.8]
app-1  | 	at org.springframework.beans.factory.support.DefaultListableBeanFactory.doResolveDependency(DefaultListableBeanFactory.java:1711) ~[spring-beans-7.0.8.jar!/:7.0.8]
app-1  | 	at org.springframework.beans.factory.support.DefaultListableBeanFactory.resolveDependency(DefaultListableBeanFactory.java:1658) ~[spring-beans-7.0.8.jar!/:7.0.8]
app-1  | 	at org.springframework.beans.factory.support.ConstructorResolver.resolveAutowiredArgument(ConstructorResolver.java:912) ~[spring-beans-7.0.8.jar!/:7.0.8]
app-1  | 	at org.springframework.beans.factory.support.ConstructorResolver.createArgumentArray(ConstructorResolver.java:791) ~[spring-beans-7.0.8.jar!/:7.0.8]
app-1  | 	... 28 common frames omitted
app-1  | Caused by: org.springframework.beans.factory.UnsatisfiedDependencyException: Error creating bean with name 'minioStorageService' defined in URL [jar:nested:/app/app.jar/!BOOT-INF/classes/!/com/absfitness/storage/MinioStorageService.class]: Unsatisfied dependency expressed through constructor parameter 0: Error creating bean with name 's3Client' defined in class path resource [com/absfitness/config/S3Config.class]: Unsatisfied dependency expressed through method 's3Client' parameter 4: Failed to convert value of type 'java.lang.String' to required type 'boolean'; Invalid boolean value [demo-placeholder]
app-1  | 	at org.springframework.beans.factory.support.ConstructorResolver.createArgumentArray(ConstructorResolver.java:804) ~[spring-beans-7.0.8.jar!/:7.0.8]
app-1  | 	at org.springframework.beans.factory.support.ConstructorResolver.autowireConstructor(ConstructorResolver.java:240) ~[spring-beans-7.0.8.jar!/:7.0.8]
app-1  | 	at org.springframework.beans.factory.support.AbstractAutowireCapableBeanFactory.autowireConstructor(AbstractAutowireCapableBeanFactory.java:1380) ~[spring-beans-7.0.8.jar!/:7.0.8]
app-1  | 	at org.springframework.beans.factory.support.AbstractAutowireCapableBeanFactory.createBeanInstance(AbstractAutowireCapableBeanFactory.java:1219) ~[spring-beans-7.0.8.jar!/:7.0.8]
app-1  | 	at org.springframework.beans.factory.support.AbstractAutowireCapableBeanFactory.doCreateBean(AbstractAutowireCapableBeanFactory.java:565) ~[spring-beans-7.0.8.jar!/:7.0.8]
app-1  | 	at org.springframework.beans.factory.support.AbstractAutowireCapableBeanFactory.createBean(AbstractAutowireCapableBeanFactory.java:525) ~[spring-beans-7.0.8.jar!/:7.0.8]
app-1  | 	at org.springframework.beans.factory.support.AbstractBeanFactory.lambda$doGetBean$0(AbstractBeanFactory.java:333) ~[spring-beans-7.0.8.jar!/:7.0.8]
app-1  | 	at org.springframework.beans.factory.support.DefaultSingletonBeanRegistry.getSingleton(DefaultSingletonBeanRegistry.java:371) ~[spring-beans-7.0.8.jar!/:7.0.8]
app-1  | 	at org.springframework.beans.factory.support.AbstractBeanFactory.doGetBean(AbstractBeanFactory.java:331) ~[spring-beans-7.0.8.jar!/:7.0.8]
app-1  | 	at org.springframework.beans.factory.support.AbstractBeanFactory.getBean(AbstractBeanFactory.java:201) ~[spring-beans-7.0.8.jar!/:7.0.8]
app-1  | 	at org.springframework.beans.factory.config.DependencyDescriptor.resolveCandidate(DependencyDescriptor.java:229) ~[spring-beans-7.0.8.jar!/:7.0.8]
app-1  | 	at org.springframework.beans.factory.support.DefaultListableBeanFactory.doResolveDependency(DefaultListableBeanFactory.java:1769) ~[spring-beans-7.0.8.jar!/:7.0.8]
app-1  | 	at org.springframework.beans.factory.support.DefaultListableBeanFactory.resolveDependency(DefaultListableBeanFactory.java:1658) ~[spring-beans-7.0.8.jar!/:7.0.8]
app-1  | 	at org.springframework.beans.factory.support.ConstructorResolver.resolveAutowiredArgument(ConstructorResolver.java:912) ~[spring-beans-7.0.8.jar!/:7.0.8]
app-1  | 	at org.springframework.beans.factory.support.ConstructorResolver.createArgumentArray(ConstructorResolver.java:791) ~[spring-beans-7.0.8.jar!/:7.0.8]
app-1  | 	... 42 common frames omitted
app-1  | Caused by: org.springframework.beans.factory.UnsatisfiedDependencyException: Error creating bean with name 's3Client' defined in class path resource [com/absfitness/config/S3Config.class]: Unsatisfied dependency expressed through method 's3Client' parameter 4: Failed to convert value of type 'java.lang.String' to required type 'boolean'; Invalid boolean value [demo-placeholder]
app-1  | 	at org.springframework.beans.factory.support.ConstructorResolver.createArgumentArray(ConstructorResolver.java:804) ~[spring-beans-7.0.8.jar!/:7.0.8]
app-1  | 	at org.springframework.beans.factory.support.ConstructorResolver.instantiateUsingFactoryMethod(ConstructorResolver.java:546) ~[spring-beans-7.0.8.jar!/:7.0.8]
app-1  | 	at org.springframework.beans.factory.support.AbstractAutowireCapableBeanFactory.instantiateUsingFactoryMethod(AbstractAutowireCapableBeanFactory.java:1360) ~[spring-beans-7.0.8.jar!/:7.0.8]
app-1  | 	at org.springframework.beans.factory.support.AbstractAutowireCapableBeanFactory.createBeanInstance(AbstractAutowireCapableBeanFactory.java:1192) ~[spring-beans-7.0.8.jar!/:7.0.8]
app-1  | 	at org.springframework.beans.factory.support.AbstractAutowireCapableBeanFactory.doCreateBean(AbstractAutowireCapableBeanFactory.java:565) ~[spring-beans-7.0.8.jar!/:7.0.8]
app-1  | 	at org.springframework.beans.factory.support.AbstractAutowireCapableBeanFactory.createBean(AbstractAutowireCapableBeanFactory.java:525) ~[spring-beans-7.0.8.jar!/:7.0.8]
app-1  | 	at org.springframework.beans.factory.support.AbstractBeanFactory.lambda$doGetBean$0(AbstractBeanFactory.java:333) ~[spring-beans-7.0.8.jar!/:7.0.8]
app-1  | 	at org.springframework.beans.factory.support.DefaultSingletonBeanRegistry.getSingleton(DefaultSingletonBeanRegistry.java:371) ~[spring-beans-7.0.8.jar!/:7.0.8]
app-1  | 	at org.springframework.beans.factory.support.AbstractBeanFactory.doGetBean(AbstractBeanFactory.java:331) ~[spring-beans-7.0.8.jar!/:7.0.8]
app-1  | 	at org.springframework.beans.factory.support.AbstractBeanFactory.getBean(AbstractBeanFactory.java:201) ~[spring-beans-7.0.8.jar!/:7.0.8]
app-1  | 	at org.springframework.beans.factory.config.DependencyDescriptor.resolveCandidate(DependencyDescriptor.java:229) ~[spring-beans-7.0.8.jar!/:7.0.8]
app-1  | 	at org.springframework.beans.factory.support.DefaultListableBeanFactory.doResolveDependency(DefaultListableBeanFactory.java:1769) ~[spring-beans-7.0.8.jar!/:7.0.8]
app-1  | 	at org.springframework.beans.factory.support.DefaultListableBeanFactory.resolveDependency(DefaultListableBeanFactory.java:1658) ~[spring-beans-7.0.8.jar!/:7.0.8]
app-1  | 	at org.springframework.beans.factory.support.ConstructorResolver.resolveAutowiredArgument(ConstructorResolver.java:912) ~[spring-beans-7.0.8.jar!/:7.0.8]
app-1  | 	at org.springframework.beans.factory.support.ConstructorResolver.createArgumentArray(ConstructorResolver.java:791) ~[spring-beans-7.0.8.jar!/:7.0.8]
app-1  | 	... 56 common frames omitted
app-1  | Caused by: org.springframework.beans.TypeMismatchException: Failed to convert value of type 'java.lang.String' to required type 'boolean'; Invalid boolean value [demo-placeholder]
app-1  | 	at org.springframework.beans.TypeConverterSupport.convertIfNecessary(TypeConverterSupport.java:82) ~[spring-beans-7.0.8.jar!/:7.0.8]
app-1  | 	at org.springframework.beans.TypeConverterSupport.convertIfNecessary(TypeConverterSupport.java:67) ~[spring-beans-7.0.8.jar!/:7.0.8]
app-1  | 	at org.springframework.beans.factory.support.DefaultListableBeanFactory.doResolveDependency(DefaultListableBeanFactory.java:1686) ~[spring-beans-7.0.8.jar!/:7.0.8]
app-1  | 	at org.springframework.beans.factory.support.DefaultListableBeanFactory.resolveDependency(DefaultListableBeanFactory.java:1658) ~[spring-beans-7.0.8.jar!/:7.0.8]
app-1  | 	at org.springframework.beans.factory.support.ConstructorResolver.resolveAutowiredArgument(ConstructorResolver.java:912) ~[spring-beans-7.0.8.jar!/:7.0.8]
app-1  | 	at org.springframework.beans.factory.support.ConstructorResolver.createArgumentArray(ConstructorResolver.java:791) ~[spring-beans-7.0.8.jar!/:7.0.8]
app-1  | 	... 70 common frames omitted
app-1  | Caused by: java.lang.IllegalArgumentException: Invalid boolean value [demo-placeholder]
app-1  | 	at org.springframework.beans.propertyeditors.CustomBooleanEditor.setAsText(CustomBooleanEditor.java:153) ~[spring-beans-7.0.8.jar!/:7.0.8]
app-1  | 	at org.springframework.beans.TypeConverterDelegate.doConvertTextValue(TypeConverterDelegate.java:434) ~[spring-beans-7.0.8.jar!/:7.0.8]
app-1  | 	at org.springframework.beans.TypeConverterDelegate.doConvertValue(TypeConverterDelegate.java:407) ~[spring-beans-7.0.8.jar!/:7.0.8]
app-1  | 	at org.springframework.beans.TypeConverterDelegate.convertIfNecessary(TypeConverterDelegate.java:158) ~[spring-beans-7.0.8.jar!/:7.0.8]
app-1  | 	at org.springframework.beans.TypeConverterSupport.convertIfNecessary(TypeConverterSupport.java:75) ~[spring-beans-7.0.8.jar!/:7.0.8]
app-1  | 	... 75 common frames omitted
app-1  | 
app-1  | 
app-1  |   .   ____          _            __ _ _
app-1  |  /\\ / ___'_ __ _ _(_)_ __  __ _ \ \ \ \
app-1  | ( ( )\___ | '_ | '_| | '_ \/ _` | \ \ \ \
app-1  |  \\/  ___)| |_)| | | | | || (_| |  ) ) ) )
app-1  |   '  |____| .__|_| |_|_| |_\__, | / / / /
app-1  |  =========|_|==============|___/=/_/_/_/
app-1  | 
app-1  |  :: Spring Boot ::                (v4.1.0)
app-1  | 
app-1  | 2026-08-23T16:40:28.289Z  INFO 1 --- [absfitness] [           main] com.absfitness.AbsFitnessApplication     : Starting AbsFitnessApplication v0.0.1-SNAPSHOT using Java 17.0.19 with PID 1 (/app/app.jar started by app in /app)
app-1  | 2026-08-23T16:40:28.292Z  INFO 1 --- [absfitness] [           main] com.absfitness.AbsFitnessApplication     : No active profile set, falling back to 1 default profile: "default"
app-1  | 2026-08-23T16:40:28.737Z  INFO 1 --- [absfitness] [           main] .s.d.r.c.RepositoryConfigurationDelegate : Bootstrapping Spring Data JPA repositories in DEFAULT mode.
app-1  | 2026-08-23T16:40:28.772Z  INFO 1 --- [absfitness] [           main] .s.d.r.c.RepositoryConfigurationDelegate : Finished Spring Data repository scanning in 30 ms. Found 10 JPA repository interfaces.
app-1  | 2026-08-23T16:40:29.041Z  INFO 1 --- [absfitness] [           main] o.s.boot.tomcat.TomcatWebServer          : Tomcat initialized with port 8080 (http)
app-1  | 2026-08-23T16:40:29.047Z  INFO 1 --- [absfitness] [           main] o.apache.catalina.core.StandardService   : Starting service [Tomcat]
app-1  | 2026-08-23T16:40:29.048Z  INFO 1 --- [absfitness] [           main] o.apache.catalina.core.StandardEngine    : Starting Servlet engine: [Apache Tomcat/11.0.22]
app-1  | 2026-08-23T16:40:29.059Z  INFO 1 --- [absfitness] [           main] b.w.c.s.WebApplicationContextInitializer : Root WebApplicationContext: initialization completed in 732 ms
app-1  | 2026-08-23T16:40:29.189Z  INFO 1 --- [absfitness] [           main] org.hibernate.orm.jpa                    : HHH008540: Processing PersistenceUnitInfo [name: default]
app-1  | 2026-08-23T16:40:29.215Z  INFO 1 --- [absfitness] [           main] org.hibernate.orm.core                   : HHH000001: Hibernate ORM core version 7.4.1.Final
app-1  | 2026-08-23T16:40:29.446Z  INFO 1 --- [absfitness] [           main] o.s.o.j.p.SpringPersistenceUnitInfo      : No LoadTimeWeaver setup: ignoring JPA class transformer
app-1  | 2026-08-23T16:40:29.459Z  INFO 1 --- [absfitness] [           main] com.zaxxer.hikari.HikariDataSource       : HikariPool-1 - Starting...
app-1  | 2026-08-23T16:40:29.556Z  INFO 1 --- [absfitness] [           main] com.zaxxer.hikari.pool.HikariPool        : HikariPool-1 - Added connection org.postgresql.jdbc.PgConnection@361b3ca6
app-1  | 2026-08-23T16:40:29.557Z  INFO 1 --- [absfitness] [           main] com.zaxxer.hikari.HikariDataSource       : HikariPool-1 - Start completed.
app-1  | 2026-08-23T16:40:29.572Z  WARN 1 --- [absfitness] [           main] org.hibernate.orm.deprecation            : HHH90000025: PostgreSQLDialect does not need to be specified explicitly using 'hibernate.dialect' (remove the property setting and it will be selected by default)
app-1  | 2026-08-23T16:40:29.582Z  INFO 1 --- [absfitness] [           main] org.hibernate.orm.connections.pooling    : HHH10001005: Database info:
app-1  | 	Database JDBC URL [jdbc:postgresql://db:5432/absfitness]
app-1  | 	Database driver: PostgreSQL JDBC Driver
app-1  | 	Database dialect: PostgreSQLDialect
app-1  | 	Database version: 16.14
app-1  | 	Default catalog/schema: absfitness/public
app-1  | 	Autocommit mode: undefined/unknown
app-1  | 	Isolation level: READ_COMMITTED [default READ_COMMITTED]
app-1  | 	JDBC fetch size: none
app-1  | 	Pool: DataSourceConnectionProvider
app-1  | 	Minimum pool size: undefined/unknown
app-1  | 	Maximum pool size: undefined/unknown
app-1  | 2026-08-23T16:40:30.131Z  INFO 1 --- [absfitness] [           main] org.hibernate.orm.core                   : HHH000489: No JTA platform available (set 'hibernate.transaction.jta.platform' to enable JTA platform integration)
app-1  | 2026-08-23T16:40:30.166Z  INFO 1 --- [absfitness] [           main] j.LocalContainerEntityManagerFactoryBean : Initialized JPA EntityManagerFactory for persistence unit 'default'
app-1  | 2026-08-23T16:40:30.200Z  INFO 1 --- [absfitness] [           main] o.s.d.j.r.query.QueryEnhancerFactories   : Hibernate is in classpath; If applicable, HQL parser will be used.
app-1  | 2026-08-23T16:40:30.285Z  INFO 1 --- [absfitness] [           main] eAuthenticationProviderManagerConfigurer : Global AuthenticationManager configured with AuthenticationProvider bean with name authenticationProvider
app-1  | 2026-08-23T16:40:30.285Z  WARN 1 --- [absfitness] [           main] r$InitializeUserDetailsManagerConfigurer : Global AuthenticationManager configured with an AuthenticationProvider bean. UserDetailsService beans will not be used by Spring Security for automatically configuring username/password login. Consider removing the AuthenticationProvider bean. Alternatively, consider using the UserDetailsService in a manually instantiated DaoAuthenticationProvider. If the current configuration is intentional, to turn off this warning, increase the logging level of 'org.springframework.security.config.annotation.authentication.configuration.InitializeUserDetailsBeanManagerConfigurer' to ERROR
app-1  | 2026-08-23T16:40:30.525Z  WARN 1 --- [absfitness] [           main] ConfigServletWebServerApplicationContext : Exception encountered during context initialization - cancelling refresh attempt: org.springframework.beans.factory.UnsatisfiedDependencyException: Error creating bean with name 'galleryController' defined in URL [jar:nested:/app/app.jar/!BOOT-INF/classes/!/com/absfitness/controller/GalleryController.class]: Unsatisfied dependency expressed through constructor parameter 0: Error creating bean with name 'mediaAssetService' defined in URL [jar:nested:/app/app.jar/!BOOT-INF/classes/!/com/absfitness/service/MediaAssetService.class]: Unsatisfied dependency expressed through constructor parameter 1: Error creating bean with name 'minioStorageService' defined in URL [jar:nested:/app/app.jar/!BOOT-INF/classes/!/com/absfitness/storage/MinioStorageService.class]: Unsatisfied dependency expressed through constructor parameter 0: Error creating bean with name 's3Client' defined in class path resource [com/absfitness/config/S3Config.class]: Unsatisfied dependency expressed through method 's3Client' parameter 4: Failed to convert value of type 'java.lang.String' to required type 'boolean'; Invalid boolean value [demo-placeholder]
app-1  | 2026-08-23T16:40:30.526Z  INFO 1 --- [absfitness] [           main] j.LocalContainerEntityManagerFactoryBean : Closing JPA EntityManagerFactory for persistence unit 'default'
app-1  | 2026-08-23T16:40:30.528Z  INFO 1 --- [absfitness] [           main] com.zaxxer.hikari.HikariDataSource       : HikariPool-1 - Shutdown initiated...
app-1  | 2026-08-23T16:40:30.533Z  INFO 1 --- [absfitness] [           main] com.zaxxer.hikari.HikariDataSource       : HikariPool-1 - Shutdown completed.
app-1  | 2026-08-23T16:40:30.535Z  INFO 1 --- [absfitness] [           main] o.apache.catalina.core.StandardService   : Stopping service [Tomcat]
app-1  | 2026-08-23T16:40:30.542Z  INFO 1 --- [absfitness] [           main] .s.b.a.l.ConditionEvaluationReportLogger : 
app-1  | 
app-1  | Error starting ApplicationContext. To display the condition evaluation report re-run your application with 'debug' enabled.
app-1  | 2026-08-23T16:40:30.549Z ERROR 1 --- [absfitness] [           main] o.s.boot.SpringApplication               : Application run failed
app-1  | 
app-1  | org.springframework.beans.factory.UnsatisfiedDependencyException: Error creating bean with name 'galleryController' defined in URL [jar:nested:/app/app.jar/!BOOT-INF/classes/!/com/absfitness/controller/GalleryController.class]: Unsatisfied dependency expressed through constructor parameter 0: Error creating bean with name 'mediaAssetService' defined in URL [jar:nested:/app/app.jar/!BOOT-INF/classes/!/com/absfitness/service/MediaAssetService.class]: Unsatisfied dependency expressed through constructor parameter 1: Error creating bean with name 'minioStorageService' defined in URL [jar:nested:/app/app.jar/!BOOT-INF/classes/!/com/absfitness/storage/MinioStorageService.class]: Unsatisfied dependency expressed through constructor parameter 0: Error creating bean with name 's3Client' defined in class path resource [com/absfitness/config/S3Config.class]: Unsatisfied dependency expressed through method 's3Client' parameter 4: Failed to convert value of type 'java.lang.String' to required type 'boolean'; Invalid boolean value [demo-placeholder]
app-1  | 	at org.springframework.beans.factory.support.ConstructorResolver.createArgumentArray(ConstructorResolver.java:804) ~[spring-beans-7.0.8.jar!/:7.0.8]
app-1  | 	at org.springframework.beans.factory.support.ConstructorResolver.autowireConstructor(ConstructorResolver.java:240) ~[spring-beans-7.0.8.jar!/:7.0.8]
app-1  | 	at org.springframework.beans.factory.support.AbstractAutowireCapableBeanFactory.autowireConstructor(AbstractAutowireCapableBeanFactory.java:1380) ~[spring-beans-7.0.8.jar!/:7.0.8]
app-1  | 	at org.springframework.beans.factory.support.AbstractAutowireCapableBeanFactory.createBeanInstance(AbstractAutowireCapableBeanFactory.java:1219) ~[spring-beans-7.0.8.jar!/:7.0.8]
app-1  | 	at org.springframework.beans.factory.support.AbstractAutowireCapableBeanFactory.doCreateBean(AbstractAutowireCapableBeanFactory.java:565) ~[spring-beans-7.0.8.jar!/:7.0.8]
app-1  | 	at org.springframework.beans.factory.support.AbstractAutowireCapableBeanFactory.createBean(AbstractAutowireCapableBeanFactory.java:525) ~[spring-beans-7.0.8.jar!/:7.0.8]
app-1  | 	at org.springframework.beans.factory.support.AbstractBeanFactory.lambda$doGetBean$0(AbstractBeanFactory.java:333) ~[spring-beans-7.0.8.jar!/:7.0.8]
app-1  | 	at org.springframework.beans.factory.support.DefaultSingletonBeanRegistry.getSingleton(DefaultSingletonBeanRegistry.java:371) ~[spring-beans-7.0.8.jar!/:7.0.8]
app-1  | 	at org.springframework.beans.factory.support.AbstractBeanFactory.doGetBean(AbstractBeanFactory.java:331) ~[spring-beans-7.0.8.jar!/:7.0.8]
app-1  | 	at org.springframework.beans.factory.support.AbstractBeanFactory.getBean(AbstractBeanFactory.java:196) ~[spring-beans-7.0.8.jar!/:7.0.8]
app-1  | 	at org.springframework.beans.factory.support.DefaultListableBeanFactory.instantiateSingleton(DefaultListableBeanFactory.java:1225) ~[spring-beans-7.0.8.jar!/:7.0.8]
app-1  | 	at org.springframework.beans.factory.support.DefaultListableBeanFactory.preInstantiateSingleton(DefaultListableBeanFactory.java:1191) ~[spring-beans-7.0.8.jar!/:7.0.8]
app-1  | 	at org.springframework.beans.factory.support.DefaultListableBeanFactory.preInstantiateSingletons(DefaultListableBeanFactory.java:1121) ~[spring-beans-7.0.8.jar!/:7.0.8]
app-1  | 	at org.springframework.context.support.AbstractApplicationContext.finishBeanFactoryInitialization(AbstractApplicationContext.java:994) ~[spring-context-7.0.8.jar!/:7.0.8]
app-1  | 	at org.springframework.context.support.AbstractApplicationContext.refresh(AbstractApplicationContext.java:621) ~[spring-context-7.0.8.jar!/:7.0.8]
app-1  | 	at org.springframework.boot.web.server.servlet.context.ServletWebServerApplicationContext.refresh(ServletWebServerApplicationContext.java:143) ~[spring-boot-web-server-4.1.0.jar!/:4.1.0]
app-1  | 	at org.springframework.boot.SpringApplication.refresh(SpringApplication.java:756) ~[spring-boot-4.1.0.jar!/:4.1.0]
app-1  | 	at org.springframework.boot.SpringApplication.refreshContext(SpringApplication.java:445) ~[spring-boot-4.1.0.jar!/:4.1.0]
app-1  | 	at org.springframework.boot.SpringApplication.run(SpringApplication.java:321) ~[spring-boot-4.1.0.jar!/:4.1.0]
app-1  | 	at org.springframework.boot.SpringApplication.run(SpringApplication.java:1365) ~[spring-boot-4.1.0.jar!/:4.1.0]
app-1  | 	at org.springframework.boot.SpringApplication.run(SpringApplication.java:1354) ~[spring-boot-4.1.0.jar!/:4.1.0]
app-1  | 	at com.absfitness.AbsFitnessApplication.main(AbsFitnessApplication.java:9) ~[!/:0.0.1-SNAPSHOT]
app-1  | 	at java.base/jdk.internal.reflect.NativeMethodAccessorImpl.invoke0(Native Method) ~[na:na]
app-1  | 	at java.base/jdk.internal.reflect.NativeMethodAccessorImpl.invoke(Unknown Source) ~[na:na]
app-1  | 	at java.base/jdk.internal.reflect.DelegatingMethodAccessorImpl.invoke(Unknown Source) ~[na:na]
app-1  | 	at java.base/java.lang.reflect.Method.invoke(Unknown Source) ~[na:na]
app-1  | 	at org.springframework.boot.loader.launch.Launcher.launch(Launcher.java:106) ~[app.jar:0.0.1-SNAPSHOT]
app-1  | 	at org.springframework.boot.loader.launch.Launcher.launch(Launcher.java:64) ~[app.jar:0.0.1-SNAPSHOT]
app-1  | 	at org.springframework.boot.loader.launch.JarLauncher.main(JarLauncher.java:40) ~[app.jar:0.0.1-SNAPSHOT]
app-1  | Caused by: org.springframework.beans.factory.UnsatisfiedDependencyException: Error creating bean with name 'mediaAssetService' defined in URL [jar:nested:/app/app.jar/!BOOT-INF/classes/!/com/absfitness/service/MediaAssetService.class]: Unsatisfied dependency expressed through constructor parameter 1: Error creating bean with name 'minioStorageService' defined in URL [jar:nested:/app/app.jar/!BOOT-INF/classes/!/com/absfitness/storage/MinioStorageService.class]: Unsatisfied dependency expressed through constructor parameter 0: Error creating bean with name 's3Client' defined in class path resource [com/absfitness/config/S3Config.class]: Unsatisfied dependency expressed through method 's3Client' parameter 4: Failed to convert value of type 'java.lang.String' to required type 'boolean'; Invalid boolean value [demo-placeholder]
app-1  | 	at org.springframework.beans.factory.support.ConstructorResolver.createArgumentArray(ConstructorResolver.java:804) ~[spring-beans-7.0.8.jar!/:7.0.8]
app-1  | 	at org.springframework.beans.factory.support.ConstructorResolver.autowireConstructor(ConstructorResolver.java:240) ~[spring-beans-7.0.8.jar!/:7.0.8]
app-1  | 	at org.springframework.beans.factory.support.AbstractAutowireCapableBeanFactory.autowireConstructor(AbstractAutowireCapableBeanFactory.java:1380) ~[spring-beans-7.0.8.jar!/:7.0.8]
app-1  | 	at org.springframework.beans.factory.support.AbstractAutowireCapableBeanFactory.createBeanInstance(AbstractAutowireCapableBeanFactory.java:1219) ~[spring-beans-7.0.8.jar!/:7.0.8]
app-1  | 	at org.springframework.beans.factory.support.AbstractAutowireCapableBeanFactory.doCreateBean(AbstractAutowireCapableBeanFactory.java:565) ~[spring-beans-7.0.8.jar!/:7.0.8]
app-1  | 	at org.springframework.beans.factory.support.AbstractAutowireCapableBeanFactory.createBean(AbstractAutowireCapableBeanFactory.java:525) ~[spring-beans-7.0.8.jar!/:7.0.8]
app-1  | 	at org.springframework.beans.factory.support.AbstractBeanFactory.lambda$doGetBean$0(AbstractBeanFactory.java:333) ~[spring-beans-7.0.8.jar!/:7.0.8]
app-1  | 	at org.springframework.beans.factory.support.DefaultSingletonBeanRegistry.getSingleton(DefaultSingletonBeanRegistry.java:371) ~[spring-beans-7.0.8.jar!/:7.0.8]
app-1  | 	at org.springframework.beans.factory.support.AbstractBeanFactory.doGetBean(AbstractBeanFactory.java:331) ~[spring-beans-7.0.8.jar!/:7.0.8]
app-1  | 	at org.springframework.beans.factory.support.AbstractBeanFactory.getBean(AbstractBeanFactory.java:201) ~[spring-beans-7.0.8.jar!/:7.0.8]
app-1  | 	at org.springframework.beans.factory.support.DefaultListableBeanFactory.resolveBean(DefaultListableBeanFactory.java:1232) ~[spring-beans-7.0.8.jar!/:7.0.8]
app-1  | 	at org.springframework.beans.factory.support.DefaultListableBeanFactory.doResolveDependency(DefaultListableBeanFactory.java:1711) ~[spring-beans-7.0.8.jar!/:7.0.8]
app-1  | 	at org.springframework.beans.factory.support.DefaultListableBeanFactory.resolveDependency(DefaultListableBeanFactory.java:1658) ~[spring-beans-7.0.8.jar!/:7.0.8]
app-1  | 	at org.springframework.beans.factory.support.ConstructorResolver.resolveAutowiredArgument(ConstructorResolver.java:912) ~[spring-beans-7.0.8.jar!/:7.0.8]
app-1  | 	at org.springframework.beans.factory.support.ConstructorResolver.createArgumentArray(ConstructorResolver.java:791) ~[spring-beans-7.0.8.jar!/:7.0.8]
app-1  | 	... 28 common frames omitted
app-1  | Caused by: org.springframework.beans.factory.UnsatisfiedDependencyException: Error creating bean with name 'minioStorageService' defined in URL [jar:nested:/app/app.jar/!BOOT-INF/classes/!/com/absfitness/storage/MinioStorageService.class]: Unsatisfied dependency expressed through constructor parameter 0: Error creating bean with name 's3Client' defined in class path resource [com/absfitness/config/S3Config.class]: Unsatisfied dependency expressed through method 's3Client' parameter 4: Failed to convert value of type 'java.lang.String' to required type 'boolean'; Invalid boolean value [demo-placeholder]
app-1  | 	at org.springframework.beans.factory.support.ConstructorResolver.createArgumentArray(ConstructorResolver.java:804) ~[spring-beans-7.0.8.jar!/:7.0.8]
app-1  | 	at org.springframework.beans.factory.support.ConstructorResolver.autowireConstructor(ConstructorResolver.java:240) ~[spring-beans-7.0.8.jar!/:7.0.8]
app-1  | 	at org.springframework.beans.factory.support.AbstractAutowireCapableBeanFactory.autowireConstructor(AbstractAutowireCapableBeanFactory.java:1380) ~[spring-beans-7.0.8.jar!/:7.0.8]
app-1  | 	at org.springframework.beans.factory.support.AbstractAutowireCapableBeanFactory.createBeanInstance(AbstractAutowireCapableBeanFactory.java:1219) ~[spring-beans-7.0.8.jar!/:7.0.8]
app-1  | 	at org.springframework.beans.factory.support.AbstractAutowireCapableBeanFactory.doCreateBean(AbstractAutowireCapableBeanFactory.java:565) ~[spring-beans-7.0.8.jar!/:7.0.8]
app-1  | 	at org.springframework.beans.factory.support.AbstractAutowireCapableBeanFactory.createBean(AbstractAutowireCapableBeanFactory.java:525) ~[spring-beans-7.0.8.jar!/:7.0.8]
app-1  | 	at org.springframework.beans.factory.support.AbstractBeanFactory.lambda$doGetBean$0(AbstractBeanFactory.java:333) ~[spring-beans-7.0.8.jar!/:7.0.8]
app-1  | 	at org.springframework.beans.factory.support.DefaultSingletonBeanRegistry.getSingleton(DefaultSingletonBeanRegistry.java:371) ~[spring-beans-7.0.8.jar!/:7.0.8]
app-1  | 	at org.springframework.beans.factory.support.AbstractBeanFactory.doGetBean(AbstractBeanFactory.java:331) ~[spring-beans-7.0.8.jar!/:7.0.8]
app-1  | 	at org.springframework.beans.factory.support.AbstractBeanFactory.getBean(AbstractBeanFactory.java:201) ~[spring-beans-7.0.8.jar!/:7.0.8]
app-1  | 	at org.springframework.beans.factory.config.DependencyDescriptor.resolveCandidate(DependencyDescriptor.java:229) ~[spring-beans-7.0.8.jar!/:7.0.8]
app-1  | 	at org.springframework.beans.factory.support.DefaultListableBeanFactory.doResolveDependency(DefaultListableBeanFactory.java:1769) ~[spring-beans-7.0.8.jar!/:7.0.8]
app-1  | 	at org.springframework.beans.factory.support.DefaultListableBeanFactory.resolveDependency(DefaultListableBeanFactory.java:1658) ~[spring-beans-7.0.8.jar!/:7.0.8]
app-1  | 	at org.springframework.beans.factory.support.ConstructorResolver.resolveAutowiredArgument(ConstructorResolver.java:912) ~[spring-beans-7.0.8.jar!/:7.0.8]
app-1  | 	at org.springframework.beans.factory.support.ConstructorResolver.createArgumentArray(ConstructorResolver.java:791) ~[spring-beans-7.0.8.jar!/:7.0.8]
app-1  | 	... 42 common frames omitted
app-1  | Caused by: org.springframework.beans.factory.UnsatisfiedDependencyException: Error creating bean with name 's3Client' defined in class path resource [com/absfitness/config/S3Config.class]: Unsatisfied dependency expressed through method 's3Client' parameter 4: Failed to convert value of type 'java.lang.String' to required type 'boolean'; Invalid boolean value [demo-placeholder]
app-1  | 	at org.springframework.beans.factory.support.ConstructorResolver.createArgumentArray(ConstructorResolver.java:804) ~[spring-beans-7.0.8.jar!/:7.0.8]
app-1  | 	at org.springframework.beans.factory.support.ConstructorResolver.instantiateUsingFactoryMethod(ConstructorResolver.java:546) ~[spring-beans-7.0.8.jar!/:7.0.8]
app-1  | 	at org.springframework.beans.factory.support.AbstractAutowireCapableBeanFactory.instantiateUsingFactoryMethod(AbstractAutowireCapableBeanFactory.java:1360) ~[spring-beans-7.0.8.jar!/:7.0.8]
app-1  | 	at org.springframework.beans.factory.support.AbstractAutowireCapableBeanFactory.createBeanInstance(AbstractAutowireCapableBeanFactory.java:1192) ~[spring-beans-7.0.8.jar!/:7.0.8]
app-1  | 	at org.springframework.beans.factory.support.AbstractAutowireCapableBeanFactory.doCreateBean(AbstractAutowireCapableBeanFactory.java:565) ~[spring-beans-7.0.8.jar!/:7.0.8]
app-1  | 	at org.springframework.beans.factory.support.AbstractAutowireCapableBeanFactory.createBean(AbstractAutowireCapableBeanFactory.java:525) ~[spring-beans-7.0.8.jar!/:7.0.8]
app-1  | 	at org.springframework.beans.factory.support.AbstractBeanFactory.lambda$doGetBean$0(AbstractBeanFactory.java:333) ~[spring-beans-7.0.8.jar!/:7.0.8]
app-1  | 	at org.springframework.beans.factory.support.DefaultSingletonBeanRegistry.getSingleton(DefaultSingletonBeanRegistry.java:371) ~[spring-beans-7.0.8.jar!/:7.0.8]
app-1  | 	at org.springframework.beans.factory.support.AbstractBeanFactory.doGetBean(AbstractBeanFactory.java:331) ~[spring-beans-7.0.8.jar!/:7.0.8]
app-1  | 	at org.springframework.beans.factory.support.AbstractBeanFactory.getBean(AbstractBeanFactory.java:201) ~[spring-beans-7.0.8.jar!/:7.0.8]
app-1  | 	at org.springframework.beans.factory.config.DependencyDescriptor.resolveCandidate(DependencyDescriptor.java:229) ~[spring-beans-7.0.8.jar!/:7.0.8]
app-1  | 	at org.springframework.beans.factory.support.DefaultListableBeanFactory.doResolveDependency(DefaultListableBeanFactory.java:1769) ~[spring-beans-7.0.8.jar!/:7.0.8]
app-1  | 	at org.springframework.beans.factory.support.DefaultListableBeanFactory.resolveDependency(DefaultListableBeanFactory.java:1658) ~[spring-beans-7.0.8.jar!/:7.0.8]
app-1  | 	at org.springframework.beans.factory.support.ConstructorResolver.resolveAutowiredArgument(ConstructorResolver.java:912) ~[spring-beans-7.0.8.jar!/:7.0.8]
app-1  | 	at org.springframework.beans.factory.support.ConstructorResolver.createArgumentArray(ConstructorResolver.java:791) ~[spring-beans-7.0.8.jar!/:7.0.8]
app-1  | 	... 56 common frames omitted
app-1  | Caused by: org.springframework.beans.TypeMismatchException: Failed to convert value of type 'java.lang.String' to required type 'boolean'; Invalid boolean value [demo-placeholder]
app-1  | 	at org.springframework.beans.TypeConverterSupport.convertIfNecessary(TypeConverterSupport.java:82) ~[spring-beans-7.0.8.jar!/:7.0.8]
app-1  | 	at org.springframework.beans.TypeConverterSupport.convertIfNecessary(TypeConverterSupport.java:67) ~[spring-beans-7.0.8.jar!/:7.0.8]
app-1  | 	at org.springframework.beans.factory.support.DefaultListableBeanFactory.doResolveDependency(DefaultListableBeanFactory.java:1686) ~[spring-beans-7.0.8.jar!/:7.0.8]
app-1  | 	at org.springframework.beans.factory.support.DefaultListableBeanFactory.resolveDependency(DefaultListableBeanFactory.java:1658) ~[spring-beans-7.0.8.jar!/:7.0.8]
app-1  | 	at org.springframework.beans.factory.support.ConstructorResolver.resolveAutowiredArgument(ConstructorResolver.java:912) ~[spring-beans-7.0.8.jar!/:7.0.8]
app-1  | 	at org.springframework.beans.factory.support.ConstructorResolver.createArgumentArray(ConstructorResolver.java:791) ~[spring-beans-7.0.8.jar!/:7.0.8]
app-1  | 	... 70 common frames omitted
app-1  | Caused by: java.lang.IllegalArgumentException: Invalid boolean value [demo-placeholder]
app-1  | 	at org.springframework.beans.propertyeditors.CustomBooleanEditor.setAsText(CustomBooleanEditor.java:153) ~[spring-beans-7.0.8.jar!/:7.0.8]
app-1  | 	at org.springframework.beans.TypeConverterDelegate.doConvertTextValue(TypeConverterDelegate.java:434) ~[spring-beans-7.0.8.jar!/:7.0.8]
app-1  | 	at org.springframework.beans.TypeConverterDelegate.doConvertValue(TypeConverterDelegate.java:407) ~[spring-beans-7.0.8.jar!/:7.0.8]
app-1  | 	at org.springframework.beans.TypeConverterDelegate.convertIfNecessary(TypeConverterDelegate.java:158) ~[spring-beans-7.0.8.jar!/:7.0.8]
app-1  | 	at org.springframework.beans.TypeConverterSupport.convertIfNecessary(TypeConverterSupport.java:75) ~[spring-beans-7.0.8.jar!/:7.0.8]
app-1  | 	... 75 common frames omitted
app-1  | 

